Order_ID,Order_Date,Customer_Name,Category,Product,Region,Quantity,Sales,Profit
ORD1001,2025-02-01,Customer 140,Electronics,Laptop,East,6,279774.11,58781.06
ORD1002,2025-12-23,Customer 103,Electronics,Laptop,East,4,204884.96,42006.44
ORD1003,2025-10-13,Customer 129,Electronics,Headphones,North,4,13457.35,2891.63
ORD1004,2025-06-11,Customer 178,Electronics,Headphones,East,4,12854.4,2427.18
ORD1005,2025-09-13,Customer 071,Electronics,Headphones,East,6,21829.49,4432.83
ORD1006,2025-11-22,Customer 073,Electronics,Keyboard,North,4,10835.15,1772.9
ORD1007,2025-12-03,Customer 149,Furniture,Desk,North,1,12996.16,2570.81
ORD1008,2025-04-29,Customer 160,Electronics,Keyboard,East,3,7208.53,1318.22
ORD1009,2025-07-26,Customer 134,Furniture,Desk,West,1,14394.32,2387.78
ORD1010,2025-10-31,Customer 154,Furniture,Desk,West,2,30742.31,5283.55
ORD1011,2025-03-29,Customer 137,Furniture,Desk,South,6,84063.19,14306.12
ORD1012,2025-03-14,Customer 157,Electronics,Smartphone,South,6,145727.68,29886.52
ORD1013,2025-07-04,Customer 114,Furniture,Desk,East,5,78605.86,14316.02
ORD1014,2025-02-11,Customer 172,Electronics,Smartphone,South,2,59879.69,10956.59
ORD1015,2025-02-03,Customer 112,Electronics,Laptop,West,6,296518.42,55968.02
ORD1016,2025-01-12,Customer 056,Electronics,Monitor,North,5,107911.67,17807.68
ORD1017,2025-11-09,Customer 057,Electronics,Keyboard,West,6,13802.73,2126.74
ORD1018,2025-08-30,Customer 200,Furniture,Sofa,South,4,142395.35,29172.94
ORD1019,2025-05-03,Customer 005,Furniture,Desk,East,3,47597.97,7696.03
ORD1020,2025-09-21,Customer 181,Electronics,Laptop,South,6,281740.5,45441.65
ORD1021,2025-03-02,Customer 077,Electronics,Keyboard,East,2,5294.48,959.52
ORD1022,2025-08-19,Customer 069,Electronics,Monitor,East,5,105439.82,16462.9
ORD1023,2025-06-16,Customer 054,Electronics,Monitor,West,7,172876.43,34398.87
ORD1024,2025-10-12,Customer 148,Electronics,Keyboard,North,2,5325.34,966.31
ORD1025,2025-09-14,Customer 041,Electronics,Laptop,South,1,53237.08,9684.06
ORD1026,2025-07-31,Customer 004,Electronics,Monitor,West,6,119200.2,25027.63
ORD1027,2025-02-21,Customer 117,Furniture,Desk,East,6,85227.63,16526.63
ORD1028,2025-01-31,Customer 036,Furniture,Chair,North,5,31679.12,4844.15
ORD1029,2025-03-05,Customer 118,Electronics,Smartphone,West,3,76382.05,12010.18
ORD1030,2025-12-04,Customer 123,Electronics,Smartphone,South,3,87579.22,15263.38
ORD1031,2025-06-20,Customer 157,Furniture,Sofa,East,1,39814.87,7316.43
ORD1032,2025-06-27,Customer 033,Electronics,Laptop,South,2,94735.15,20429.43
ORD1033,2025-07-18,Customer 105,Furniture,Table,West,4,44644.45,7732.86
ORD1034,2025-01-08,Customer 109,Furniture,Desk,East,2,31838.74,6773.1
ORD1035,2025-02-13,Customer 057,Electronics,Monitor,East,4,77666.4,15304.69
ORD1036,2025-09-23,Customer 123,Furniture,Chair,West,6,42143.18,6639.32
ORD1037,2025-07-19,Customer 075,Electronics,Keyboard,North,2,4306.12,813.17
ORD1038,2025-10-23,Customer 127,Electronics,Headphones,North,4,13231.98,2867.41
ORD1039,2025-03-07,Customer 033,Furniture,Chair,South,4,24096.53,5193.36
ORD1040,2025-06-08,Customer 019,Electronics,Laptop,South,3,163549.06,34740.67
ORD1041,2025-06-21,Customer 064,Electronics,Headphones,East,7,27391.83,5103.65
ORD1042,2025-08-30,Customer 148,Furniture,Bookshelf,South,3,20204.04,3164.21
ORD1043,2025-01-12,Customer 025,Electronics,Monitor,East,2,49765.93,8304.34
ORD1044,2025-02-25,Customer 144,Electronics,Headphones,West,7,22142.62,4250.43
ORD1045,2025-04-27,Customer 195,Electronics,Laptop,North,2,89594.22,18314.7
ORD1046,2025-02-22,Customer 056,Furniture,Table,East,4,41000.68,6809.23
ORD1047,2025-12-05,Customer 139,Electronics,Laptop,West,5,210555.57,39046.08
ORD1048,2025-03-14,Customer 017,Furniture,Table,South,3,39284.54,7859.99
ORD1049,2025-01-30,Customer 080,Electronics,Headphones,West,1,3104.94,667.34
ORD1050,2025-06-28,Customer 105,Electronics,Monitor,North,1,23074.9,5004.8
ORD1051,2025-02-24,Customer 127,Electronics,Keyboard,West,7,15005.51,2834.0
ORD1052,2025-02-21,Customer 034,Electronics,Smartphone,South,6,166850.56,36312.73
ORD1053,2025-08-20,Customer 157,Electronics,Smartphone,West,7,217716.0,39780.35
ORD1054,2025-02-09,Customer 093,Electronics,Laptop,East,5,260971.79,53702.04
ORD1055,2025-10-02,Customer 121,Electronics,Monitor,North,4,90798.82,19135.1
ORD1056,2025-05-17,Customer 193,Furniture,Desk,West,1,14177.59,2773.64
ORD1057,2025-12-30,Customer 150,Furniture,Sofa,West,4,129409.26,21555.23
ORD1058,2025-02-08,Customer 072,Electronics,Headphones,East,7,21314.21,4084.02
ORD1059,2025-12-01,Customer 185,Electronics,Smartphone,South,6,161270.17,25814.68
ORD1060,2025-04-14,Customer 109,Electronics,Smartphone,East,2,51076.79,8074.44
ORD1061,2025-06-06,Customer 119,Furniture,Bookshelf,South,1,6316.75,971.12
ORD1062,2025-05-24,Customer 148,Furniture,Chair,West,6,36870.5,6832.72
ORD1063,2025-11-21,Customer 048,Furniture,Bookshelf,East,6,36247.79,5897.69
ORD1064,2025-07-28,Customer 002,Furniture,Sofa,North,5,170603.78,26178.77
ORD1065,2025-02-08,Customer 011,Electronics,Keyboard,North,4,8805.02,1834.46
ORD1066,2025-02-06,Customer 048,Electronics,Keyboard,West,5,13788.41,2939.49
ORD1067,2025-08-13,Customer 156,Electronics,Monitor,South,6,143067.31,27894.38
ORD1068,2025-07-15,Customer 167,Electronics,Smartphone,North,6,171729.63,36068.38
ORD1069,2025-01-23,Customer 028,Furniture,Bookshelf,North,3,21879.25,3689.99
ORD1070,2025-06-02,Customer 102,Furniture,Desk,North,2,26673.36,4687.2
ORD1071,2025-03-27,Customer 060,Furniture,Bookshelf,West,3,20240.62,4007.68
ORD1072,2025-12-01,Customer 093,Electronics,Keyboard,South,5,12428.41,2149.93
ORD1073,2025-07-21,Customer 107,Electronics,Keyboard,West,6,15686.64,3236.27
ORD1074,2025-04-16,Customer 120,Furniture,Chair,South,1,6958.04,1142.29
ORD1075,2025-08-21,Customer 020,Furniture,Table,South,7,74728.99,14423.19
ORD1076,2025-01-31,Customer 192,Furniture,Bookshelf,West,5,39577.37,6317.28
ORD1077,2025-12-30,Customer 160,Electronics,Smartphone,West,6,175805.89,36002.18
ORD1078,2025-04-03,Customer 105,Electronics,Keyboard,South,1,2567.56,402.22
ORD1079,2025-06-23,Customer 094,Electronics,Smartphone,South,2,58110.66,11045.1
ORD1080,2025-10-06,Customer 048,Furniture,Table,South,6,78463.69,14472.68
ORD1081,2025-09-21,Customer 018,Electronics,Smartphone,North,7,176741.06,27959.95
ORD1082,2025-06-02,Customer 147,Furniture,Chair,North,6,42209.56,8314.7
ORD1083,2025-10-18,Customer 073,Furniture,Bookshelf,South,7,52859.22,8929.9
ORD1084,2025-02-27,Customer 112,Electronics,Monitor,North,3,59026.11,12721.83
ORD1085,2025-12-13,Customer 188,Furniture,Bookshelf,North,3,22447.02,4235.97
ORD1086,2025-06-24,Customer 001,Furniture,Bookshelf,South,5,33701.77,7382.85
ORD1087,2025-11-17,Customer 128,Electronics,Headphones,East,7,21695.82,4546.08
ORD1088,2025-08-03,Customer 020,Electronics,Smartphone,North,4,120364.5,18158.33
ORD1089,2025-04-26,Customer 089,Furniture,Bookshelf,East,6,39421.52,7178.59
ORD1090,2025-12-02,Customer 079,Electronics,Monitor,West,4,95426.16,15052.64
ORD1091,2025-01-16,Customer 022,Electronics,Laptop,South,7,310944.87,64857.74
ORD1092,2025-08-31,Customer 137,Electronics,Keyboard,West,1,2612.59,408.43
ORD1093,2025-11-08,Customer 156,Electronics,Headphones,West,1,3227.87,516.5
ORD1094,2025-11-29,Customer 002,Electronics,Smartphone,East,1,29836.1,4550.94
ORD1095,2025-12-18,Customer 048,Electronics,Smartphone,North,1,29405.66,6060.62
ORD1096,2025-01-21,Customer 025,Electronics,Headphones,West,2,7632.02,1640.47
ORD1097,2025-06-16,Customer 041,Electronics,Headphones,East,5,19274.4,2945.33
ORD1098,2025-07-04,Customer 018,Electronics,Smartphone,West,5,152981.79,29693.89
ORD1099,2025-01-06,Customer 055,Furniture,Desk,East,2,31041.2,5075.64
ORD1100,2025-12-24,Customer 015,Furniture,Bookshelf,South,4,28936.97,4450.94
ORD1101,2025-05-31,Customer 035,Electronics,Laptop,North,1,52974.08,10577.36
ORD1102,2025-03-08,Customer 109,Electronics,Laptop,West,6,326042.32,59372.06
ORD1103,2025-04-01,Customer 190,Furniture,Sofa,South,5,178801.69,28636.72
ORD1104,2025-07-30,Customer 089,Electronics,Monitor,West,3,69955.56,13672.56
ORD1105,2025-11-30,Customer 095,Electronics,Smartphone,East,2,57142.83,10187.56
ORD1106,2025-02-18,Customer 123,Electronics,Smartphone,North,7,186217.82,31904.57
ORD1107,2025-02-26,Customer 082,Furniture,Bookshelf,West,5,36413.61,6511.73
ORD1108,2025-08-03,Customer 060,Furniture,Sofa,North,7,231552.51,35317.36
ORD1109,2025-05-09,Customer 114,Furniture,Desk,South,4,53225.32,10116.65
ORD1110,2025-08-25,Customer 050,Furniture,Bookshelf,West,4,29280.44,5040.19
ORD1111,2025-07-12,Customer 073,Electronics,Monitor,West,4,86189.44,16705.31
ORD1112,2025-09-26,Customer 171,Furniture,Table,South,6,80346.3,17232.19
ORD1113,2025-07-09,Customer 168,Furniture,Bookshelf,North,4,30518.91,5249.6
ORD1114,2025-02-12,Customer 165,Furniture,Desk,East,1,12638.46,2640.67
ORD1115,2025-09-24,Customer 063,Electronics,Laptop,East,2,90272.71,14634.07
ORD1116,2025-01-06,Customer 084,Furniture,Bookshelf,North,7,53809.45,11297.74
ORD1117,2025-07-05,Customer 073,Furniture,Bookshelf,South,2,14423.53,2284.36
ORD1118,2025-12-30,Customer 155,Electronics,Keyboard,South,1,2704.08,464.47
ORD1119,2025-05-02,Customer 003,Electronics,Smartphone,South,5,137705.23,26833.54
ORD1120,2025-07-11,Customer 084,Furniture,Sofa,West,6,188816.33,30515.26
ORD1121,2025-10-20,Customer 199,Electronics,Keyboard,South,7,17793.84,3714.2
ORD1122,2025-06-13,Customer 168,Electronics,Smartphone,West,4,110325.99,17167.1
ORD1123,2025-04-22,Customer 037,Electronics,Laptop,East,4,188251.64,30223.26
ORD1124,2025-01-17,Customer 039,Electronics,Keyboard,North,7,16097.47,2743.72
ORD1125,2025-04-09,Customer 049,Electronics,Keyboard,West,5,12474.84,1944.68
ORD1126,2025-08-21,Customer 159,Electronics,Headphones,West,6,21939.64,4320.23
ORD1127,2025-11-18,Customer 068,Furniture,Chair,West,1,6239.89,1171.64
ORD1128,2025-06-26,Customer 074,Electronics,Headphones,South,3,11346.18,2378.63
ORD1129,2025-05-21,Customer 069,Furniture,Desk,South,7,104152.92,21822.04
ORD1130,2025-07-13,Customer 200,Furniture,Desk,West,6,76689.97,13643.04
ORD1131,2025-04-26,Customer 039,Furniture,Chair,North,5,29355.69,5099.67
ORD1132,2025-12-05,Customer 029,Electronics,Laptop,South,5,233809.77,40104.79
ORD1133,2025-07-11,Customer 127,Furniture,Table,South,1,11200.88,2231.35
ORD1134,2025-08-15,Customer 131,Electronics,Keyboard,West,6,14898.78,3028.93
ORD1135,2025-06-18,Customer 174,Furniture,Table,East,6,82005.36,16789.81
ORD1136,2025-09-25,Customer 193,Electronics,Smartphone,South,4,111951.03,21127.09
ORD1137,2025-10-27,Customer 147,Furniture,Desk,West,7,116255.4,19783.88
ORD1138,2025-05-07,Customer 102,Furniture,Bookshelf,West,5,31050.63,4746.59
ORD1139,2025-04-29,Customer 196,Electronics,Keyboard,East,4,11456.62,2091.38
ORD1140,2025-10-17,Customer 109,Furniture,Desk,West,1,12693.96,2397.66
ORD1141,2025-01-21,Customer 075,Furniture,Sofa,West,7,268709.86,41001.89
ORD1142,2025-02-09,Customer 132,Electronics,Laptop,West,3,149994.32,29988.08
ORD1143,2025-05-20,Customer 010,Electronics,Laptop,West,7,356383.29,73436.7
ORD1144,2025-08-15,Customer 191,Furniture,Sofa,South,1,38760.32,5826.26
ORD1145,2025-09-13,Customer 180,Furniture,Sofa,South,5,150304.38,26768.44
ORD1146,2025-03-28,Customer 156,Furniture,Chair,West,2,14375.85,2506.6
ORD1147,2025-02-11,Customer 055,Electronics,Keyboard,South,3,7703.22,1369.52
ORD1148,2025-03-10,Customer 090,Electronics,Headphones,South,7,21448.37,3730.62
ORD1149,2025-10-10,Customer 082,Furniture,Desk,South,6,100017.2,17077.47
ORD1150,2025-07-29,Customer 147,Electronics,Smartphone,South,1,32754.31,6520.13
ORD1151,2025-05-06,Customer 027,Electronics,Laptop,East,3,160254.02,29612.4
ORD1152,2025-01-25,Customer 061,Electronics,Monitor,North,1,20033.06,3029.74
ORD1153,2025-11-20,Customer 192,Electronics,Keyboard,West,5,11912.35,2137.39
ORD1154,2025-07-17,Customer 078,Furniture,Bookshelf,East,4,26190.14,5572.99
ORD1155,2025-12-26,Customer 149,Furniture,Table,East,3,40417.9,7560.89
ORD1156,2025-08-27,Customer 060,Furniture,Table,North,5,56388.9,9411.08
ORD1157,2025-01-23,Customer 113,Electronics,Smartphone,North,2,63400.78,10767.18
ORD1158,2025-10-14,Customer 190,Furniture,Bookshelf,West,5,34353.06,6298.22
ORD1159,2025-04-08,Customer 158,Furniture,Table,North,5,65663.49,13998.06
ORD1160,2025-07-25,Customer 064,Electronics,Smartphone,West,2,50192.39,9822.88
ORD1161,2025-12-09,Customer 192,Furniture,Bookshelf,South,4,27436.97,4184.38
ORD1162,2025-01-15,Customer 197,Electronics,Smartphone,North,3,78986.61,12210.31
ORD1163,2025-11-07,Customer 023,Furniture,Sofa,South,4,132127.94,20290.52
ORD1164,2025-01-23,Customer 196,Electronics,Monitor,North,6,139848.31,23003.85
ORD1165,2025-04-16,Customer 023,Furniture,Desk,North,3,42411.76,6366.69
ORD1166,2025-01-01,Customer 006,Electronics,Headphones,North,2,7017.15,1293.02
ORD1167,2025-07-13,Customer 053,Furniture,Desk,East,4,62882.11,13135.08
ORD1168,2025-03-30,Customer 067,Electronics,Monitor,East,5,109335.49,21629.63
ORD1169,2025-06-30,Customer 093,Furniture,Bookshelf,West,3,23711.42,3637.33
ORD1170,2025-02-24,Customer 005,Furniture,Bookshelf,West,2,12098.97,1931.9
ORD1171,2025-02-26,Customer 023,Electronics,Laptop,South,1,43058.59,6553.08
ORD1172,2025-03-30,Customer 138,Furniture,Chair,West,4,26539.85,5077.44
ORD1173,2025-06-17,Customer 033,Furniture,Desk,West,1,16037.16,3100.6
ORD1174,2025-11-09,Customer 112,Furniture,Bookshelf,North,7,45387.67,9727.28
ORD1175,2025-09-25,Customer 163,Electronics,Keyboard,East,5,14317.44,2509.95
ORD1176,2025-10-19,Customer 104,Electronics,Monitor,North,4,90659.38,14971.93
ORD1177,2025-09-26,Customer 070,Furniture,Chair,North,3,17031.93,2590.36
ORD1178,2025-03-02,Customer 061,Electronics,Laptop,South,5,253544.31,50598.92
ORD1179,2025-03-28,Customer 026,Electronics,Headphones,West,3,11728.56,2246.82
ORD1180,2025-09-10,Customer 025,Electronics,Smartphone,West,5,128518.35,23841.5
ORD1181,2025-07-30,Customer 117,Furniture,Sofa,North,1,29924.09,6568.81
ORD1182,2025-11-24,Customer 034,Electronics,Smartphone,South,5,158761.26,29773.14
ORD1183,2025-02-18,Customer 059,Electronics,Smartphone,North,2,49313.89,9449.51
ORD1184,2025-11-02,Customer 032,Furniture,Chair,East,7,38922.89,7461.52
ORD1185,2025-03-09,Customer 111,Electronics,Headphones,South,7,22689.43,4373.48
ORD1186,2025-09-05,Customer 054,Electronics,Monitor,West,6,140940.48,26734.39
ORD1187,2025-12-11,Customer 003,Furniture,Bookshelf,East,7,47813.3,8894.27
ORD1188,2025-07-09,Customer 155,Furniture,Bookshelf,West,3,20420.16,3197.49
ORD1189,2025-05-12,Customer 193,Furniture,Chair,North,3,20568.1,3300.28
ORD1190,2025-03-14,Customer 049,Electronics,Smartphone,East,5,157846.52,33760.34
ORD1191,2025-08-24,Customer 076,Electronics,Monitor,North,4,94164.27,19914.39
ORD1192,2025-09-28,Customer 190,Furniture,Table,South,1,12832.09,2628.1
ORD1193,2025-11-11,Customer 160,Furniture,Desk,South,1,16257.28,3423.62
ORD1194,2025-03-16,Customer 043,Electronics,Laptop,West,1,50971.31,7728.26
ORD1195,2025-08-18,Customer 079,Electronics,Keyboard,South,3,7993.45,1695.65
ORD1196,2025-08-11,Customer 003,Electronics,Monitor,South,3,67603.59,12076.69
ORD1197,2025-05-04,Customer 076,Furniture,Table,North,7,83184.53,13623.29
ORD1198,2025-02-17,Customer 010,Electronics,Monitor,North,6,118649.71,23483.07
ORD1199,2025-06-22,Customer 151,Electronics,Laptop,South,7,306923.78,48163.93
ORD1200,2025-04-12,Customer 096,Electronics,Headphones,South,3,9561.58,1558.57
ORD1201,2025-01-04,Customer 097,Electronics,Laptop,East,4,176288.07,27000.65
ORD1202,2025-08-27,Customer 047,Electronics,Keyboard,North,2,4993.26,787.68
ORD1203,2025-10-10,Customer 181,Electronics,Smartphone,East,3,92292.21,19507.78
ORD1204,2025-12-25,Customer 083,Electronics,Keyboard,East,5,14198.75,2201.2
ORD1205,2025-10-26,Customer 170,Electronics,Keyboard,South,3,7619.02,1194.57
ORD1206,2025-07-17,Customer 091,Furniture,Chair,East,3,17542.07,2942.29
ORD1207,2025-09-28,Customer 060,Electronics,Smartphone,West,6,175320.89,35319.98
ORD1208,2025-05-28,Customer 009,Electronics,Monitor,East,6,142296.59,29037.71
ORD1209,2025-09-23,Customer 021,Furniture,Chair,North,7,40321.95,8577.63
ORD1210,2025-11-05,Customer 013,Furniture,Sofa,North,2,63269.33,11322.03
ORD1211,2025-07-29,Customer 175,Electronics,Smartphone,South,2,60595.19,12700.35
ORD1212,2025-07-13,Customer 060,Electronics,Monitor,East,4,81357.93,13597.82
ORD1213,2025-04-30,Customer 104,Electronics,Laptop,North,7,371201.89,75879.28
ORD1214,2025-07-13,Customer 073,Furniture,Desk,East,4,58636.28,10579.12
ORD1215,2025-11-01,Customer 191,Electronics,Monitor,East,1,24984.85,4590.77
ORD1216,2025-07-22,Customer 175,Electronics,Smartphone,East,3,78002.95,13082.88
ORD1217,2025-12-01,Customer 122,Electronics,Monitor,East,1,24751.2,4269.76
ORD1218,2025-05-27,Customer 168,Furniture,Desk,West,7,102470.93,16713.7
ORD1219,2025-11-03,Customer 031,Electronics,Smartphone,West,6,183394.83,33526.99
ORD1220,2025-05-05,Customer 012,Electronics,Keyboard,West,5,10812.9,1881.1
ORD1221,2025-10-29,Customer 043,Furniture,Chair,East,5,34945.68,7183.24
ORD1222,2025-06-09,Customer 111,Electronics,Keyboard,West,4,10417.04,1564.24
ORD1223,2025-10-19,Customer 026,Furniture,Sofa,North,2,60803.33,11070.97
ORD1224,2025-08-19,Customer 130,Electronics,Smartphone,North,6,165507.18,35506.2
ORD1225,2025-08-29,Customer 120,Furniture,Desk,East,6,85984.7,16869.91
ORD1226,2025-12-13,Customer 019,Furniture,Desk,South,5,69079.02,11218.88
ORD1227,2025-04-16,Customer 179,Electronics,Keyboard,South,6,12931.14,2346.67
ORD1228,2025-12-29,Customer 035,Furniture,Bookshelf,North,2,14131.94,2772.68
ORD1229,2025-05-24,Customer 081,Electronics,Monitor,West,7,147824.7,29815.61
ORD1230,2025-09-20,Customer 067,Furniture,Table,North,2,24064.33,5137.64
ORD1231,2025-06-19,Customer 089,Electronics,Smartphone,North,5,135760.99,24242.97
ORD1232,2025-02-03,Customer 147,Electronics,Smartphone,South,6,179592.23,35179.65
ORD1233,2025-03-01,Customer 156,Electronics,Monitor,West,1,20855.21,3417.06
ORD1234,2025-04-01,Customer 175,Electronics,Headphones,North,6,22057.45,3508.36
ORD1235,2025-11-30,Customer 183,Furniture,Bookshelf,South,1,6545.39,1290.96
ORD1236,2025-07-17,Customer 117,Furniture,Sofa,South,7,259802.25,56300.34
ORD1237,2025-09-20,Customer 196,Furniture,Bookshelf,South,2,14527.01,2504.96
ORD1238,2025-09-08,Customer 141,Electronics,Monitor,West,4,75413.21,13423.88
ORD1239,2025-11-06,Customer 171,Electronics,Keyboard,North,5,12289.79,2648.64
ORD1240,2025-07-18,Customer 163,Electronics,Monitor,North,6,131597.04,25563.27
ORD1241,2025-04-26,Customer 169,Electronics,Headphones,West,2,7866.61,1688.73
ORD1242,2025-09-29,Customer 022,Electronics,Keyboard,North,1,2698.5,548.82
ORD1243,2025-08-20,Customer 058,Furniture,Chair,North,4,23973.76,4678.18
ORD1244,2025-08-02,Customer 132,Furniture,Sofa,West,4,136219.26,22519.76
ORD1245,2025-01-15,Customer 068,Furniture,Sofa,North,7,220575.91,33202.3
ORD1246,2025-11-03,Customer 121,Furniture,Bookshelf,East,1,6240.49,1274.33
ORD1247,2025-12-12,Customer 031,Electronics,Smartphone,East,3,98289.33,16068.47
ORD1248,2025-08-15,Customer 127,Furniture,Desk,East,3,49149.36,10746.88
ORD1249,2025-06-23,Customer 177,Electronics,Keyboard,East,1,2718.05,459.2
ORD1250,2025-02-10,Customer 032,Furniture,Chair,North,4,28593.73,4642.05
ORD1251,2025-10-18,Customer 131,Furniture,Table,East,4,48011.03,9507.69
ORD1252,2025-12-31,Customer 137,Electronics,Keyboard,South,1,2512.34,393.59
ORD1253,2025-03-06,Customer 085,Electronics,Smartphone,East,7,188626.83,34383.77
ORD1254,2025-09-03,Customer 137,Electronics,Laptop,West,3,136230.19,27943.87
ORD1255,2025-03-27,Customer 150,Electronics,Keyboard,South,6,14625.0,2522.93
ORD1256,2025-06-29,Customer 114,Electronics,Headphones,West,2,7825.37,1252.64
ORD1257,2025-04-13,Customer 014,Electronics,Keyboard,South,1,2240.14,419.73
ORD1258,2025-01-01,Customer 020,Electronics,Laptop,East,2,93185.02,19030.59
ORD1259,2025-01-10,Customer 030,Electronics,Monitor,East,5,120663.2,19518.49
ORD1260,2025-10-28,Customer 009,Electronics,Headphones,East,2,7081.78,1468.36
ORD1261,2025-04-30,Customer 151,Furniture,Desk,East,3,46603.26,7830.36
ORD1262,2025-10-01,Customer 083,Furniture,Table,East,4,47491.39,8346.77
ORD1263,2025-10-05,Customer 018,Furniture,Chair,North,2,13980.81,2213.49
ORD1264,2025-03-06,Customer 140,Electronics,Smartphone,West,2,62525.14,11122.94
ORD1265,2025-12-02,Customer 079,Electronics,Headphones,East,1,3661.22,664.19
ORD1266,2025-12-23,Customer 124,Electronics,Headphones,East,7,27240.51,4452.76
ORD1267,2025-01-03,Customer 114,Furniture,Desk,South,5,67912.57,13679.68
ORD1268,2025-10-30,Customer 107,Furniture,Table,East,3,38273.75,5812.27
ORD1269,2025-04-16,Customer 084,Electronics,Keyboard,North,5,12448.22,2093.95
ORD1270,2025-10-29,Customer 151,Furniture,Bookshelf,North,1,7128.57,1261.58
ORD1271,2025-08-22,Customer 136,Electronics,Smartphone,West,4,107664.44,20400.98
ORD1272,2025-01-01,Customer 155,Electronics,Laptop,South,3,130199.85,27682.55
ORD1273,2025-10-30,Customer 096,Furniture,Bookshelf,West,2,15639.11,2860.34
ORD1274,2025-01-22,Customer 093,Electronics,Keyboard,East,4,9145.53,1746.83
ORD1275,2025-06-01,Customer 042,Electronics,Monitor,East,5,100565.05,15782.78
ORD1276,2025-03-06,Customer 037,Furniture,Desk,North,4,51643.64,10856.51
ORD1277,2025-05-05,Customer 053,Electronics,Monitor,West,3,57194.35,10009.92
ORD1278,2025-03-16,Customer 140,Furniture,Chair,East,3,21771.94,4682.64
ORD1279,2025-05-29,Customer 025,Furniture,Bookshelf,East,1,6192.19,1197.38
ORD1280,2025-10-03,Customer 029,Electronics,Headphones,West,7,26850.6,5016.34
ORD1281,2025-06-20,Customer 190,Furniture,Desk,East,1,14070.5,2429.63
ORD1282,2025-10-22,Customer 066,Furniture,Table,North,7,75692.6,16539.17
ORD1283,2025-10-21,Customer 080,Furniture,Table,West,4,54780.74,9677.09
ORD1284,2025-02-16,Customer 197,Furniture,Table,East,4,45423.63,7427.88
ORD1285,2025-09-01,Customer 082,Furniture,Bookshelf,North,7,50313.17,8810.19
ORD1286,2025-08-20,Customer 147,Furniture,Desk,North,6,98138.68,21128.73
ORD1287,2025-05-21,Customer 093,Furniture,Bookshelf,North,3,20691.59,3926.34
ORD1288,2025-07-22,Customer 015,Furniture,Chair,North,3,18451.19,3214.22
ORD1289,2025-12-20,Customer 078,Furniture,Table,West,1,10797.83,2166.24
ORD1290,2025-07-25,Customer 106,Furniture,Sofa,West,6,226098.99,37989.05
ORD1291,2025-12-29,Customer 011,Electronics,Keyboard,South,7,18011.32,3545.1
ORD1292,2025-05-24,Customer 196,Electronics,Keyboard,East,6,16907.55,3221.37
ORD1293,2025-01-31,Customer 006,Furniture,Chair,North,1,6851.82,1297.64
ORD1294,2025-11-08,Customer 091,Furniture,Bookshelf,East,2,13984.95,2553.69
ORD1295,2025-12-27,Customer 075,Furniture,Table,West,6,68343.47,14455.56
ORD1296,2025-04-09,Customer 030,Furniture,Table,North,1,10778.12,2201.36
ORD1297,2025-10-17,Customer 172,Furniture,Sofa,West,4,159547.47,34693.69
ORD1298,2025-08-05,Customer 024,Electronics,Smartphone,East,7,222132.12,39142.45
ORD1299,2025-08-21,Customer 197,Electronics,Monitor,South,6,131277.84,24878.13
ORD1300,2025-06-05,Customer 026,Furniture,Chair,East,7,43725.29,7837.03
ORD1301,2025-09-15,Customer 061,Electronics,Headphones,South,6,23127.62,3929.56
ORD1302,2025-01-09,Customer 087,Electronics,Headphones,South,1,3521.48,642.52
ORD1303,2025-10-16,Customer 124,Furniture,Table,East,2,25211.98,4446.67
ORD1304,2025-06-18,Customer 090,Electronics,Laptop,East,5,239085.38,39449.77
ORD1305,2025-07-06,Customer 190,Furniture,Table,East,2,22877.82,3586.71
ORD1306,2025-10-23,Customer 117,Furniture,Desk,South,2,33127.43,5156.33
ORD1307,2025-02-18,Customer 087,Electronics,Keyboard,North,7,18204.73,3277.43
ORD1308,2025-07-15,Customer 133,Electronics,Laptop,East,2,109065.98,23679.26
ORD1309,2025-05-22,Customer 010,Furniture,Sofa,North,5,164592.66,35092.68
ORD1310,2025-11-02,Customer 001,Electronics,Keyboard,West,6,13278.77,2047.42
ORD1311,2025-11-15,Customer 114,Electronics,Keyboard,South,2,5052.35,1081.72
ORD1312,2025-06-12,Customer 058,Electronics,Monitor,North,6,114699.44,24982.99
ORD1313,2025-03-14,Customer 019,Furniture,Bookshelf,South,2,13101.4,2849.63
ORD1314,2025-09-16,Customer 124,Electronics,Headphones,West,1,3846.52,839.74
ORD1315,2025-04-20,Customer 110,Electronics,Monitor,North,7,136764.41,28133.15
ORD1316,2025-11-25,Customer 153,Furniture,Table,North,7,95889.46,19114.48
ORD1317,2025-03-13,Customer 079,Furniture,Desk,East,4,56022.34,9821.38
ORD1318,2025-01-29,Customer 039,Electronics,Laptop,West,6,308928.87,55985.67
ORD1319,2025-11-11,Customer 042,Electronics,Headphones,North,5,15059.67,2425.01
ORD1320,2025-03-21,Customer 175,Electronics,Keyboard,West,6,15070.9,3248.27
ORD1321,2025-12-07,Customer 013,Electronics,Laptop,East,2,82149.85,13205.76
ORD1322,2025-07-27,Customer 133,Electronics,Smartphone,South,2,64052.87,12016.66
ORD1323,2025-08-26,Customer 173,Furniture,Bookshelf,South,2,15262.45,2949.4
ORD1324,2025-05-07,Customer 082,Electronics,Keyboard,North,1,2192.93,363.62
ORD1325,2025-02-15,Customer 109,Furniture,Chair,North,7,43838.93,8941.13
ORD1326,2025-04-28,Customer 033,Electronics,Smartphone,North,5,149048.95,29377.51
ORD1327,2025-09-19,Customer 188,Electronics,Headphones,West,2,7466.0,1208.16
ORD1328,2025-02-09,Customer 007,Electronics,Smartphone,South,6,170879.33,31846.52
ORD1329,2025-07-07,Customer 096,Electronics,Keyboard,West,4,11484.44,2113.59
ORD1330,2025-01-25,Customer 144,Furniture,Desk,South,7,104330.53,17314.46
ORD1331,2025-06-30,Customer 180,Furniture,Chair,North,1,7438.7,1360.02
ORD1332,2025-01-23,Customer 150,Furniture,Desk,West,6,95409.77,18640.48
ORD1333,2025-10-09,Customer 127,Electronics,Keyboard,North,3,7810.36,1639.68
ORD1334,2025-08-30,Customer 141,Electronics,Monitor,North,4,92536.95,20102.83
ORD1335,2025-01-17,Customer 148,Furniture,Table,North,3,39370.93,7299.5
ORD1336,2025-03-20,Customer 078,Furniture,Desk,East,4,62266.55,9911.64
ORD1337,2025-09-25,Customer 055,Electronics,Monitor,South,5,118159.9,25124.12
ORD1338,2025-12-15,Customer 080,Electronics,Smartphone,North,1,25545.32,4185.26
ORD1339,2025-03-03,Customer 142,Electronics,Monitor,West,4,98106.59,19939.01
ORD1340,2025-05-11,Customer 078,Electronics,Smartphone,North,6,169892.17,27237.08
ORD1341,2025-10-30,Customer 142,Furniture,Sofa,East,3,93259.2,17580.92
ORD1342,2025-06-25,Customer 022,Electronics,Laptop,West,3,154564.53,31277.57
ORD1343,2025-05-04,Customer 073,Furniture,Sofa,East,4,153463.4,25605.78
ORD1344,2025-06-20,Customer 182,Electronics,Smartphone,West,2,55154.23,9203.3
ORD1345,2025-01-06,Customer 088,Electronics,Smartphone,South,3,79672.43,12680.85
ORD1346,2025-05-15,Customer 012,Electronics,Monitor,West,7,141803.07,28845.71
ORD1347,2025-08-16,Customer 200,Electronics,Monitor,North,4,91775.16,19337.22
ORD1348,2025-11-21,Customer 072,Furniture,Chair,North,4,29187.14,5995.09
ORD1349,2025-06-21,Customer 099,Furniture,Bookshelf,North,1,5983.19,1097.34
ORD1350,2025-07-27,Customer 198,Furniture,Desk,East,4,58907.63,12285.95
ORD1351,2025-10-09,Customer 199,Furniture,Bookshelf,South,2,15230.62,3188.51
ORD1352,2025-11-21,Customer 150,Electronics,Headphones,North,1,3305.07,588.69
ORD1353,2025-12-30,Customer 112,Electronics,Headphones,South,5,19803.73,3448.32
ORD1354,2025-03-03,Customer 126,Furniture,Sofa,West,2,63598.9,9797.8
ORD1355,2025-09-02,Customer 039,Furniture,Bookshelf,South,3,23104.96,4567.69
ORD1356,2025-10-24,Customer 154,Electronics,Smartphone,East,2,52976.57,11333.28
ORD1357,2025-12-17,Customer 056,Furniture,Sofa,North,5,191509.88,31880.26
ORD1358,2025-04-07,Customer 140,Electronics,Keyboard,North,4,9789.87,1764.88
ORD1359,2025-09-27,Customer 168,Furniture,Bookshelf,West,6,45425.3,8016.76
ORD1360,2025-01-02,Customer 177,Furniture,Sofa,East,5,178736.29,39247.89
ORD1361,2025-10-08,Customer 018,Furniture,Sofa,East,2,70397.21,14550.81
ORD1362,2025-09-30,Customer 035,Electronics,Monitor,East,3,63456.56,10357.29
ORD1363,2025-07-12,Customer 129,Furniture,Table,South,3,35777.7,7525.02
ORD1364,2025-12-25,Customer 049,Furniture,Chair,West,1,6328.09,1127.89
ORD1365,2025-12-20,Customer 020,Electronics,Laptop,North,2,101549.73,20596.33
ORD1366,2025-03-15,Customer 048,Furniture,Desk,North,1,13131.38,2396.06
ORD1367,2025-08-21,Customer 054,Electronics,Smartphone,South,6,191910.13,39570.03
ORD1368,2025-04-03,Customer 103,Furniture,Sofa,North,1,31167.9,6734.32
ORD1369,2025-04-04,Customer 008,Electronics,Keyboard,East,2,5520.01,982.25
ORD1370,2025-08-22,Customer 079,Electronics,Smartphone,West,6,185513.04,30566.13
ORD1371,2025-07-10,Customer 011,Furniture,Chair,West,6,43076.05,7147.88
ORD1372,2025-04-22,Customer 121,Electronics,Headphones,East,4,14499.45,2946.25
ORD1373,2025-12-22,Customer 089,Electronics,Smartphone,East,6,193495.64,38889.96
ORD1374,2025-07-12,Customer 033,Electronics,Headphones,South,2,7514.02,1558.67
ORD1375,2025-04-23,Customer 101,Furniture,Chair,South,3,17264.39,2877.69
ORD1376,2025-08-01,Customer 193,Furniture,Table,West,4,46489.47,9534.17
ORD1377,2025-04-03,Customer 105,Furniture,Bookshelf,West,2,14993.4,2960.57
ORD1378,2025-10-18,Customer 163,Electronics,Smartphone,West,3,97315.06,19514.45
ORD1379,2025-08-29,Customer 095,Electronics,Smartphone,East,7,190645.23,37113.98
ORD1380,2025-02-04,Customer 020,Electronics,Keyboard,North,2,4868.56,1028.67
ORD1381,2025-06-25,Customer 177,Furniture,Table,West,6,69468.12,15185.63
ORD1382,2025-10-09,Customer 059,Electronics,Monitor,South,2,41846.51,8053.17
ORD1383,2025-12-02,Customer 143,Electronics,Keyboard,North,6,12860.03,2127.19
ORD1384,2025-06-30,Customer 164,Furniture,Table,West,5,51993.78,9066.64
ORD1385,2025-11-13,Customer 011,Furniture,Bookshelf,North,1,6782.52,1466.11
ORD1386,2025-04-05,Customer 147,Furniture,Bookshelf,West,4,31079.51,6285.05
ORD1387,2025-10-19,Customer 050,Furniture,Sofa,West,2,70657.15,14452.84
ORD1388,2025-01-10,Customer 022,Furniture,Sofa,South,3,119443.23,23852.95
ORD1389,2025-02-14,Customer 090,Electronics,Monitor,East,6,133251.87,24428.98
ORD1390,2025-03-15,Customer 012,Furniture,Chair,North,3,21770.14,4502.56
ORD1391,2025-03-03,Customer 181,Electronics,Keyboard,South,5,11153.85,2432.26
ORD1392,2025-05-02,Customer 027,Electronics,Keyboard,East,6,13511.11,2226.96
ORD1393,2025-02-02,Customer 015,Electronics,Smartphone,East,1,24834.65,5445.93
ORD1394,2025-10-29,Customer 008,Electronics,Smartphone,South,4,116744.22,23840.24
ORD1395,2025-12-09,Customer 143,Furniture,Desk,North,7,105716.34,19721.25
ORD1396,2025-05-07,Customer 085,Furniture,Desk,West,5,71796.44,11622.41
ORD1397,2025-10-19,Customer 169,Furniture,Bookshelf,South,2,12544.83,2098.06
ORD1398,2025-09-08,Customer 177,Electronics,Monitor,West,7,170466.12,26497.62
ORD1399,2025-08-26,Customer 182,Furniture,Sofa,East,3,96073.6,19044.01
ORD1400,2025-07-27,Customer 057,Furniture,Sofa,South,7,229552.81,43339.57
ORD1401,2025-04-30,Customer 139,Furniture,Desk,South,5,75187.13,11989.01
ORD1402,2025-09-07,Customer 011,Furniture,Chair,North,4,22677.75,4110.99
ORD1403,2025-10-31,Customer 149,Furniture,Desk,West,1,13292.3,2404.14
ORD1404,2025-10-30,Customer 193,Furniture,Sofa,North,6,212885.29,43264.57
ORD1405,2025-12-06,Customer 099,Furniture,Table,West,4,49723.96,10688.56
ORD1406,2025-08-08,Customer 082,Furniture,Table,South,5,64275.27,9964.56
ORD1407,2025-07-23,Customer 094,Furniture,Chair,West,4,29289.14,5405.18
ORD1408,2025-06-14,Customer 029,Electronics,Keyboard,East,4,9042.65,1493.7
ORD1409,2025-07-16,Customer 147,Furniture,Table,South,1,11755.0,2396.22
ORD1410,2025-07-28,Customer 194,Electronics,Laptop,East,2,85147.07,18381.15
ORD1411,2025-04-23,Customer 083,Furniture,Desk,North,5,68720.68,13394.3
ORD1412,2025-03-26,Customer 032,Furniture,Bookshelf,West,2,15704.33,2905.53
ORD1413,2025-09-22,Customer 058,Furniture,Desk,North,6,100019.43,16570.84
ORD1414,2025-04-06,Customer 002,Furniture,Sofa,West,5,179328.35,39370.93
ORD1415,2025-05-27,Customer 187,Electronics,Smartphone,North,4,118754.73,24962.0
ORD1416,2025-07-12,Customer 188,Furniture,Sofa,North,3,115484.37,19773.71
ORD1417,2025-08-01,Customer 160,Furniture,Sofa,West,7,280650.93,59898.62
ORD1418,2025-04-28,Customer 035,Furniture,Sofa,South,1,35496.47,6717.86
ORD1419,2025-10-22,Customer 067,Furniture,Table,North,5,58349.81,11812.46
ORD1420,2025-02-16,Customer 198,Electronics,Monitor,North,4,79782.0,16717.24
ORD1421,2025-03-06,Customer 005,Electronics,Laptop,West,2,102391.22,19329.28
ORD1422,2025-03-06,Customer 138,Electronics,Monitor,East,1,23028.76,3897.67
ORD1423,2025-01-09,Customer 170,Electronics,Laptop,East,1,48664.61,7373.69
ORD1424,2025-08-10,Customer 077,Electronics,Smartphone,East,4,112108.33,20291.56
ORD1425,2025-07-20,Customer 036,Furniture,Desk,South,6,97258.67,14663.8
ORD1426,2025-07-20,Customer 162,Electronics,Keyboard,South,3,6712.59,1102.18
ORD1427,2025-11-15,Customer 099,Electronics,Smartphone,South,6,176100.6,38164.59
ORD1428,2025-06-24,Customer 147,Electronics,Monitor,East,7,147516.58,24444.84
ORD1429,2025-04-29,Customer 088,Electronics,Smartphone,South,3,90922.65,13755.75
ORD1430,2025-08-11,Customer 045,Furniture,Chair,South,2,14078.93,2910.63
ORD1431,2025-09-11,Customer 050,Electronics,Laptop,East,1,47144.07,9062.9
ORD1432,2025-03-23,Customer 017,Electronics,Laptop,East,7,328000.72,58703.97
ORD1433,2025-08-11,Customer 186,Electronics,Smartphone,South,6,192837.73,31643.59
ORD1434,2025-12-04,Customer 175,Electronics,Laptop,West,3,161819.96,24409.51
ORD1435,2025-03-11,Customer 111,Furniture,Bookshelf,West,7,54966.76,11979.99
ORD1436,2025-11-07,Customer 097,Electronics,Laptop,North,1,49122.05,9482.11
ORD1437,2025-09-16,Customer 016,Furniture,Chair,South,5,29122.4,5876.43
ORD1438,2025-11-06,Customer 109,Furniture,Bookshelf,North,2,13884.37,2578.16
ORD1439,2025-12-21,Customer 035,Electronics,Keyboard,North,7,18723.9,3292.21
ORD1440,2025-06-19,Customer 020,Furniture,Sofa,East,6,237881.81,47907.08
ORD1441,2025-10-14,Customer 049,Electronics,Keyboard,South,7,16860.55,3534.32
ORD1442,2025-12-05,Customer 129,Furniture,Chair,West,4,24111.57,4786.26
ORD1443,2025-11-10,Customer 068,Furniture,Table,North,2,21036.5,4148.26
ORD1444,2025-06-23,Customer 103,Electronics,Laptop,North,3,153348.7,26062.93
ORD1445,2025-01-13,Customer 090,Electronics,Laptop,West,6,286716.15,59921.16
ORD1446,2025-08-26,Customer 138,Electronics,Keyboard,North,2,4423.85,937.66
ORD1447,2025-02-18,Customer 010,Furniture,Sofa,South,1,31353.25,6211.94
ORD1448,2025-02-21,Customer 109,Furniture,Sofa,South,4,137525.25,24617.67
ORD1449,2025-04-22,Customer 075,Furniture,Sofa,North,2,60172.92,11613.8
ORD1450,2025-02-09,Customer 068,Furniture,Chair,North,6,33311.2,5575.65
ORD1451,2025-11-06,Customer 107,Electronics,Monitor,East,3,72143.99,12729.71
ORD1452,2025-01-08,Customer 171,Furniture,Table,North,2,24108.96,4198.29
ORD1453,2025-04-29,Customer 005,Furniture,Bookshelf,West,1,7593.92,1640.05
ORD1454,2025-10-06,Customer 101,Furniture,Chair,South,2,12160.75,2494.52
ORD1455,2025-05-14,Customer 089,Furniture,Sofa,West,7,280353.85,42884.11
ORD1456,2025-02-23,Customer 039,Furniture,Table,East,4,45642.52,10001.89
ORD1457,2025-01-02,Customer 096,Electronics,Laptop,East,4,209531.31,36180.42
ORD1458,2025-06-23,Customer 146,Electronics,Keyboard,West,3,6669.57,1024.58
ORD1459,2025-07-19,Customer 085,Electronics,Keyboard,East,2,5006.1,782.7
ORD1460,2025-07-03,Customer 177,Electronics,Keyboard,South,6,17120.11,2878.21
ORD1461,2025-05-31,Customer 172,Furniture,Bookshelf,West,7,48239.31,8179.66
ORD1462,2025-07-13,Customer 142,Electronics,Monitor,North,3,75435.24,12300.0
ORD1463,2025-09-18,Customer 137,Electronics,Smartphone,North,1,27575.21,4522.69
ORD1464,2025-09-04,Customer 081,Electronics,Smartphone,North,4,105910.86,18520.13
ORD1465,2025-02-06,Customer 171,Electronics,Monitor,East,6,130673.77,22905.93
ORD1466,2025-03-20,Customer 149,Furniture,Table,East,2,26880.66,4676.85
ORD1467,2025-09-05,Customer 150,Furniture,Table,North,4,42584.71,7098.56
ORD1468,2025-10-22,Customer 031,Electronics,Smartphone,South,3,96706.67,18611.9
ORD1469,2025-07-12,Customer 033,Furniture,Desk,East,5,83218.57,14472.35
ORD1470,2025-07-14,Customer 070,Furniture,Table,East,6,65042.91,12547.93
ORD1471,2025-12-11,Customer 022,Electronics,Laptop,West,7,309016.28,47208.17
ORD1472,2025-04-10,Customer 055,Furniture,Sofa,East,3,90283.51,15308.01
ORD1473,2025-05-05,Customer 066,Electronics,Keyboard,North,3,7241.63,1258.09
ORD1474,2025-01-10,Customer 120,Electronics,Laptop,West,5,216275.64,43896.48
ORD1475,2025-12-07,Customer 063,Electronics,Monitor,East,7,154194.93,28869.56
ORD1476,2025-10-07,Customer 034,Furniture,Bookshelf,North,1,7722.97,1642.56
ORD1477,2025-01-25,Customer 186,Electronics,Smartphone,North,6,186718.25,32039.39
ORD1478,2025-12-29,Customer 056,Electronics,Laptop,South,7,359441.55,56263.01
ORD1479,2025-10-21,Customer 121,Electronics,Smartphone,South,1,30810.1,6345.2
ORD1480,2025-02-05,Customer 171,Electronics,Headphones,East,3,9794.16,1753.08
ORD1481,2025-11-07,Customer 086,Furniture,Chair,East,4,24168.66,4289.73
ORD1482,2025-04-09,Customer 152,Electronics,Headphones,North,2,7826.86,1407.41
ORD1483,2025-05-17,Customer 101,Furniture,Bookshelf,East,4,27309.04,4588.36
ORD1484,2025-05-09,Customer 097,Electronics,Smartphone,West,6,174375.04,31202.42
ORD1485,2025-07-01,Customer 194,Electronics,Keyboard,South,2,5704.66,1169.06
ORD1486,2025-02-21,Customer 046,Electronics,Headphones,West,2,7055.57,1142.29
ORD1487,2025-12-10,Customer 024,Electronics,Monitor,North,5,102193.83,21979.02
ORD1488,2025-09-21,Customer 037,Furniture,Table,West,3,31235.56,5992.54
ORD1489,2025-01-26,Customer 133,Electronics,Laptop,North,1,47674.46,8014.03
ORD1490,2025-12-09,Customer 053,Electronics,Smartphone,North,3,95624.79,15588.58
ORD1491,2025-06-21,Customer 032,Electronics,Smartphone,South,5,151822.16,27477.67
ORD1492,2025-12-31,Customer 052,Electronics,Smartphone,North,6,168709.56,35610.75
ORD1493,2025-08-02,Customer 186,Furniture,Bookshelf,South,7,42940.06,6783.73
ORD1494,2025-04-25,Customer 148,Electronics,Keyboard,North,3,7174.12,1303.33
ORD1495,2025-06-24,Customer 142,Electronics,Monitor,South,2,49258.56,8262.21
ORD1496,2025-01-15,Customer 118,Electronics,Laptop,South,5,248453.3,43164.07
ORD1497,2025-05-27,Customer 176,Furniture,Desk,North,1,16456.85,3330.8
ORD1498,2025-04-27,Customer 094,Electronics,Smartphone,North,6,164246.06,30812.9
ORD1499,2025-08-31,Customer 078,Electronics,Headphones,East,1,3362.32,564.26
ORD1500,2025-04-06,Customer 049,Electronics,Smartphone,North,5,147927.21,26208.38
ORD1501,2025-04-16,Customer 118,Furniture,Chair,North,4,28120.51,4963.85
ORD1502,2025-07-10,Customer 071,Electronics,Keyboard,East,3,8422.04,1731.21
ORD1503,2025-10-20,Customer 092,Furniture,Bookshelf,East,4,29665.87,6498.9
ORD1504,2025-07-25,Customer 006,Electronics,Laptop,South,4,168714.14,34182.56
ORD1505,2025-12-05,Customer 123,Electronics,Laptop,North,6,316580.44,61424.95
ORD1506,2025-11-04,Customer 020,Furniture,Bookshelf,South,5,38875.06,5930.39
ORD1507,2025-06-28,Customer 085,Furniture,Bookshelf,East,2,15513.45,3031.14
ORD1508,2025-05-04,Customer 139,Electronics,Smartphone,East,7,211696.1,34782.76
ORD1509,2025-04-11,Customer 059,Furniture,Desk,East,7,109545.21,17963.84
ORD1510,2025-09-16,Customer 122,Electronics,Keyboard,North,2,5165.78,886.11
ORD1511,2025-11-25,Customer 001,Furniture,Chair,West,1,6945.54,1062.82
ORD1512,2025-12-13,Customer 049,Furniture,Bookshelf,North,7,52770.59,9657.8
ORD1513,2025-07-24,Customer 087,Electronics,Headphones,North,4,13263.5,2473.91
ORD1514,2025-11-24,Customer 079,Furniture,Table,North,5,68910.17,10716.36
ORD1515,2025-04-11,Customer 035,Electronics,Laptop,East,2,90785.43,15444.7
ORD1516,2025-07-01,Customer 191,Furniture,Bookshelf,East,6,47282.49,7200.25
ORD1517,2025-05-26,Customer 198,Electronics,Laptop,North,3,124556.86,20974.26
ORD1518,2025-03-14,Customer 167,Furniture,Sofa,South,1,35773.23,6613.04
ORD1519,2025-09-26,Customer 086,Electronics,Smartphone,East,3,93881.45,14992.93
ORD1520,2025-11-13,Customer 131,Furniture,Chair,East,2,12491.33,2370.13
ORD1521,2025-12-13,Customer 058,Electronics,Monitor,East,2,38312.62,7698.98
ORD1522,2025-01-25,Customer 016,Furniture,Bookshelf,East,1,7761.35,1618.14
ORD1523,2025-09-26,Customer 047,Electronics,Monitor,North,1,19071.51,4000.33
ORD1524,2025-06-05,Customer 006,Furniture,Table,South,6,78383.35,14440.01
ORD1525,2025-12-11,Customer 011,Electronics,Headphones,North,7,21928.45,4564.39
ORD1526,2025-11-20,Customer 153,Furniture,Desk,North,1,15218.68,3012.77
ORD1527,2025-04-07,Customer 093,Electronics,Headphones,North,3,10079.73,1879.88
ORD1528,2025-04-22,Customer 009,Electronics,Monitor,East,5,101778.15,17867.49
ORD1529,2025-06-14,Customer 139,Electronics,Headphones,West,7,25250.58,4024.06
ORD1530,2025-03-28,Customer 023,Electronics,Headphones,East,1,3133.13,471.86
ORD1531,2025-05-03,Customer 150,Furniture,Sofa,East,6,240692.74,36860.08
ORD1532,2025-08-05,Customer 113,Electronics,Laptop,East,6,306894.44,53750.81
ORD1533,2025-05-25,Customer 038,Electronics,Monitor,South,5,126211.07,21207.65
ORD1534,2025-07-22,Customer 139,Electronics,Smartphone,West,3,87973.82,18075.01
ORD1535,2025-07-12,Customer 112,Furniture,Desk,South,7,110810.78,18539.61
ORD1536,2025-05-01,Customer 182,Furniture,Sofa,West,7,276747.91,54722.12
ORD1537,2025-05-08,Customer 022,Furniture,Desk,North,3,43988.56,8098.21
ORD1538,2025-07-12,Customer 153,Furniture,Sofa,East,7,213202.01,45881.57
ORD1539,2025-02-25,Customer 181,Electronics,Laptop,West,2,102561.65,16080.17
ORD1540,2025-01-26,Customer 053,Furniture,Bookshelf,West,1,7402.88,1437.74
ORD1541,2025-06-20,Customer 065,Electronics,Laptop,West,6,303668.97,58010.59
ORD1542,2025-12-16,Customer 083,Furniture,Chair,North,2,13341.33,2621.63
ORD1543,2025-01-03,Customer 041,Furniture,Chair,South,6,44822.71,7226.64
ORD1544,2025-06-25,Customer 097,Furniture,Table,North,3,36772.95,5642.26
ORD1545,2025-08-15,Customer 145,Electronics,Headphones,East,5,17947.25,3517.9
ORD1546,2025-10-16,Customer 006,Furniture,Chair,South,2,13486.57,2530.42
ORD1547,2025-12-23,Customer 175,Furniture,Bookshelf,South,1,6523.63,1219.38
ORD1548,2025-02-02,Customer 003,Furniture,Chair,South,3,20039.81,3317.02
ORD1549,2025-04-18,Customer 068,Electronics,Headphones,South,6,21588.77,4131.99
ORD1550,2025-11-12,Customer 053,Furniture,Desk,North,6,92828.66,17301.66
ORD1551,2025-02-28,Customer 075,Electronics,Monitor,West,1,19643.85,3212.0
ORD1552,2025-07-04,Customer 046,Electronics,Keyboard,North,3,6903.39,1086.61
ORD1553,2025-10-20,Customer 161,Electronics,Laptop,South,6,275025.81,56126.0
ORD1554,2025-08-11,Customer 039,Electronics,Smartphone,East,7,226976.9,40435.86
ORD1555,2025-12-28,Customer 111,Electronics,Keyboard,South,7,19514.25,3640.38
ORD1556,2025-10-27,Customer 126,Furniture,Sofa,South,6,209911.8,31984.56
ORD1557,2025-11-05,Customer 011,Furniture,Bookshelf,South,7,53838.51,9120.45
ORD1558,2025-12-09,Customer 177,Electronics,Keyboard,North,5,12621.56,2460.73
ORD1559,2025-09-14,Customer 047,Furniture,Chair,North,3,17273.77,2708.06
ORD1560,2025-02-23,Customer 199,Electronics,Headphones,East,3,9639.1,1816.04
ORD1561,2025-10-09,Customer 126,Electronics,Monitor,North,2,44835.77,7880.63
ORD1562,2025-02-25,Customer 190,Electronics,Keyboard,West,4,11240.3,2396.14
ORD1563,2025-07-07,Customer 139,Furniture,Sofa,South,5,181307.7,35308.75
ORD1564,2025-12-16,Customer 029,Electronics,Laptop,North,1,48719.85,9973.08
ORD1565,2025-01-01,Customer 088,Electronics,Monitor,South,1,22064.25,4092.99
ORD1566,2025-04-02,Customer 010,Electronics,Monitor,West,6,133090.78,23459.84
ORD1567,2025-07-20,Customer 109,Furniture,Desk,East,2,27431.09,4679.12
ORD1568,2025-08-23,Customer 110,Furniture,Desk,South,1,16457.51,2797.21
ORD1569,2025-11-15,Customer 007,Electronics,Keyboard,West,1,2321.79,423.63
ORD1570,2025-09-05,Customer 136,Furniture,Chair,South,5,34905.63,6498.04
ORD1571,2025-06-17,Customer 131,Electronics,Monitor,East,3,56916.81,8935.75
ORD1572,2025-01-06,Customer 096,Electronics,Keyboard,West,3,7629.56,1545.52
ORD1573,2025-10-20,Customer 172,Electronics,Monitor,West,4,91165.78,18121.09
ORD1574,2025-12-05,Customer 071,Electronics,Smartphone,East,1,24447.45,5098.12
ORD1575,2025-11-13,Customer 067,Furniture,Bookshelf,East,2,11916.36,2158.86
ORD1576,2025-06-14,Customer 128,Electronics,Smartphone,West,2,55330.54,11272.84
ORD1577,2025-09-25,Customer 183,Furniture,Bookshelf,North,5,31056.31,5300.61
ORD1578,2025-05-29,Customer 088,Electronics,Laptop,North,3,161417.07,34954.31
ORD1579,2025-06-29,Customer 007,Electronics,Headphones,East,5,17272.91,3501.95
ORD1580,2025-08-13,Customer 011,Electronics,Smartphone,North,4,104853.29,20616.64
ORD1581,2025-04-24,Customer 155,Electronics,Monitor,East,7,168749.78,31134.11
ORD1582,2025-06-30,Customer 112,Furniture,Sofa,West,1,31823.56,6691.29
ORD1583,2025-05-09,Customer 046,Electronics,Keyboard,South,7,19481.75,4230.89
ORD1584,2025-07-28,Customer 070,Electronics,Keyboard,North,7,17093.1,3234.46
ORD1585,2025-08-03,Customer 100,Electronics,Laptop,West,3,131441.19,20474.59
ORD1586,2025-08-19,Customer 049,Electronics,Headphones,North,4,14088.1,2535.88
ORD1587,2025-09-18,Customer 144,Furniture,Chair,West,2,14259.45,2336.94
ORD1588,2025-07-29,Customer 166,Furniture,Bookshelf,West,7,54335.02,9257.25
ORD1589,2025-03-04,Customer 170,Electronics,Monitor,East,6,143830.49,28265.65
ORD1590,2025-06-03,Customer 014,Electronics,Keyboard,North,2,5470.87,1105.78
ORD1591,2025-07-16,Customer 022,Electronics,Keyboard,West,7,16945.74,3212.62
ORD1592,2025-11-03,Customer 114,Furniture,Sofa,East,3,101741.41,18067.84
ORD1593,2025-08-10,Customer 015,Electronics,Smartphone,South,4,124458.94,26467.62
ORD1594,2025-06-20,Customer 058,Furniture,Table,North,3,37234.24,6750.91
ORD1595,2025-02-14,Customer 095,Furniture,Desk,West,4,59426.78,10998.04
ORD1596,2025-09-30,Customer 117,Electronics,Headphones,West,5,16667.24,3434.12
ORD1597,2025-10-14,Customer 148,Furniture,Sofa,North,2,71736.33,12193.16
ORD1598,2025-09-03,Customer 034,Furniture,Sofa,West,6,194572.85,36147.76
ORD1599,2025-07-01,Customer 175,Electronics,Monitor,East,3,73439.62,16089.6
ORD1600,2025-10-27,Customer 188,Electronics,Smartphone,West,6,146999.26,26096.95
ORD1601,2025-09-24,Customer 163,Electronics,Headphones,South,5,17671.89,3130.58
ORD1602,2025-06-20,Customer 071,Furniture,Bookshelf,East,1,7824.22,1299.57
ORD1603,2025-04-20,Customer 050,Furniture,Table,West,5,68495.9,11459.91
ORD1604,2025-11-11,Customer 106,Electronics,Smartphone,West,1,26160.7,4845.55
ORD1605,2025-12-03,Customer 162,Furniture,Desk,North,1,14745.71,2740.64
ORD1606,2025-05-30,Customer 169,Electronics,Monitor,West,5,99041.95,19992.32
ORD1607,2025-11-25,Customer 001,Electronics,Monitor,South,1,21296.82,4525.65
ORD1608,2025-07-22,Customer 119,Furniture,Sofa,North,2,66515.97,11244.07
ORD1609,2025-02-04,Customer 116,Furniture,Bookshelf,West,2,14124.43,2817.38
ORD1610,2025-11-05,Customer 173,Electronics,Laptop,North,3,128605.3,26175.92
ORD1611,2025-10-09,Customer 100,Furniture,Desk,West,6,79333.72,12936.66
ORD1612,2025-03-24,Customer 022,Electronics,Laptop,East,7,354845.22,74026.69
ORD1613,2025-07-05,Customer 140,Furniture,Table,South,7,91497.43,19294.79
ORD1614,2025-07-11,Customer 123,Furniture,Chair,East,4,27191.74,5828.21
ORD1615,2025-07-04,Customer 090,Furniture,Table,East,3,31382.51,6782.9
ORD1616,2025-11-04,Customer 060,Furniture,Chair,West,1,7457.45,1203.07
ORD1617,2025-08-08,Customer 071,Furniture,Sofa,South,7,211842.34,42958.73
ORD1618,2025-07-07,Customer 096,Furniture,Chair,East,4,24125.99,3847.26
ORD1619,2025-04-25,Customer 044,Furniture,Bookshelf,West,1,7289.36,1272.71
ORD1620,2025-09-08,Customer 091,Furniture,Chair,North,2,13152.76,2833.72
ORD1621,2025-03-23,Customer 198,Furniture,Table,West,6,62823.01,12676.94
ORD1622,2025-07-31,Customer 107,Electronics,Headphones,South,1,3633.1,634.81
ORD1623,2025-08-11,Customer 013,Furniture,Bookshelf,North,6,48277.68,8905.9
ORD1624,2025-02-13,Customer 115,Furniture,Table,South,5,55405.77,9586.01
ORD1625,2025-03-15,Customer 175,Furniture,Bookshelf,East,2,12596.16,1929.07
ORD1626,2025-01-15,Customer 105,Furniture,Chair,North,3,16740.51,3165.75
ORD1627,2025-10-02,Customer 058,Furniture,Bookshelf,South,5,34313.34,7364.74
ORD1628,2025-01-20,Customer 186,Furniture,Chair,South,5,36944.64,8078.06
ORD1629,2025-07-10,Customer 148,Electronics,Laptop,East,4,174039.63,36004.65
ORD1630,2025-06-14,Customer 152,Furniture,Sofa,South,7,242265.72,50354.62
ORD1631,2025-07-10,Customer 075,Electronics,Monitor,South,5,114944.3,19417.87
ORD1632,2025-10-15,Customer 152,Electronics,Laptop,East,2,93090.45,16819.27
ORD1633,2025-08-03,Customer 013,Furniture,Bookshelf,East,2,14368.85,2389.23
ORD1634,2025-05-18,Customer 063,Furniture,Bookshelf,West,6,40490.97,7296.16
ORD1635,2025-06-19,Customer 133,Furniture,Desk,West,3,46867.37,10112.49
ORD1636,2025-09-30,Customer 137,Furniture,Desk,South,2,28633.71,5125.72
ORD1637,2025-11-01,Customer 025,Furniture,Sofa,West,3,92533.88,16567.23
ORD1638,2025-07-23,Customer 151,Furniture,Desk,South,5,81867.97,12487.78
ORD1639,2025-12-03,Customer 024,Electronics,Headphones,West,4,11985.1,2007.13
ORD1640,2025-04-11,Customer 108,Furniture,Sofa,East,1,33963.72,6352.33
ORD1641,2025-04-23,Customer 066,Electronics,Smartphone,North,2,50049.99,9433.28
ORD1642,2025-03-22,Customer 080,Furniture,Table,East,3,30861.68,6662.9
ORD1643,2025-07-27,Customer 124,Furniture,Bookshelf,South,1,6257.75,1368.5
ORD1644,2025-12-27,Customer 081,Furniture,Chair,East,4,22789.82,4973.08
ORD1645,2025-06-09,Customer 187,Electronics,Headphones,North,5,17080.44,3021.13
ORD1646,2025-12-30,Customer 060,Electronics,Smartphone,West,3,82399.56,16102.05
ORD1647,2025-08-12,Customer 141,Furniture,Table,West,1,13522.31,2565.82
ORD1648,2025-07-14,Customer 067,Electronics,Smartphone,East,4,119934.17,21820.5
ORD1649,2025-04-12,Customer 142,Electronics,Headphones,West,2,7744.22,1180.32
ORD1650,2025-01-03,Customer 121,Electronics,Keyboard,East,4,8983.14,1771.39
ORD1651,2025-06-23,Customer 074,Electronics,Smartphone,North,5,150366.0,28745.5
ORD1652,2025-08-05,Customer 144,Furniture,Chair,West,4,23719.57,4492.95
ORD1653,2025-09-17,Customer 018,Electronics,Keyboard,West,5,12394.22,2138.14
ORD1654,2025-01-05,Customer 027,Furniture,Sofa,West,5,200547.86,33205.46
ORD1655,2025-02-15,Customer 065,Electronics,Keyboard,South,2,4675.4,838.2
ORD1656,2025-12-16,Customer 019,Furniture,Bookshelf,West,1,7788.12,1251.94
ORD1657,2025-03-13,Customer 068,Electronics,Smartphone,South,2,64068.82,11932.91
ORD1658,2025-01-05,Customer 030,Electronics,Smartphone,West,4,105379.79,22549.32
ORD1659,2025-02-11,Customer 052,Furniture,Chair,West,7,40050.39,7667.75
ORD1660,2025-04-27,Customer 199,Furniture,Table,East,3,33661.43,6401.37
ORD1661,2025-04-06,Customer 187,Furniture,Sofa,West,4,146334.12,23263.14
ORD1662,2025-10-27,Customer 044,Furniture,Table,South,3,37662.18,7521.14
ORD1663,2025-09-29,Customer 020,Furniture,Chair,South,7,47050.71,7973.93
ORD1664,2025-01-25,Customer 193,Furniture,Chair,South,2,11991.04,1849.61
ORD1665,2025-12-05,Customer 165,Electronics,Keyboard,East,2,5165.61,1060.81
ORD1666,2025-07-20,Customer 165,Electronics,Monitor,South,7,156911.1,28730.75
ORD1667,2025-08-15,Customer 166,Electronics,Smartphone,South,2,65195.06,10226.86
ORD1668,2025-03-31,Customer 080,Furniture,Table,West,4,51537.72,8035.43
ORD1669,2025-10-04,Customer 151,Furniture,Chair,North,5,28704.82,4465.48
ORD1670,2025-11-21,Customer 106,Furniture,Sofa,North,3,113255.3,22523.46
ORD1671,2025-08-01,Customer 066,Electronics,Headphones,North,5,19852.78,3105.16
ORD1672,2025-05-24,Customer 023,Furniture,Sofa,South,3,112633.48,20634.11
ORD1673,2025-11-07,Customer 172,Electronics,Smartphone,East,3,76299.07,12870.54
ORD1674,2025-05-18,Customer 075,Furniture,Chair,North,5,35326.58,5458.38
ORD1675,2025-09-19,Customer 124,Electronics,Monitor,West,2,50406.81,10052.47
ORD1676,2025-03-09,Customer 048,Electronics,Laptop,West,3,148294.39,26185.88
ORD1677,2025-03-18,Customer 196,Furniture,Chair,East,6,38384.39,7771.54
ORD1678,2025-08-23,Customer 042,Furniture,Desk,West,3,48963.57,8196.86
ORD1679,2025-08-10,Customer 123,Furniture,Desk,West,1,15145.75,3101.83
ORD1680,2025-08-14,Customer 101,Furniture,Desk,North,4,51938.95,8574.6
ORD1681,2025-03-02,Customer 177,Furniture,Sofa,North,5,171949.81,28735.1
ORD1682,2025-06-12,Customer 029,Electronics,Monitor,South,1,21404.03,3483.21
ORD1683,2025-01-26,Customer 164,Electronics,Laptop,South,4,162426.66,35324.71
ORD1684,2025-11-14,Customer 002,Furniture,Bookshelf,South,1,7854.3,1363.7
ORD1685,2025-03-24,Customer 023,Electronics,Laptop,East,5,220920.1,36570.37
ORD1686,2025-10-13,Customer 186,Furniture,Chair,East,3,21026.57,3619.5
ORD1687,2025-05-23,Customer 175,Furniture,Desk,East,4,58814.55,12606.08
ORD1688,2025-11-07,Customer 181,Electronics,Keyboard,East,2,5696.87,1040.16
ORD1689,2025-02-27,Customer 034,Furniture,Sofa,West,1,33847.9,5687.74
ORD1690,2025-03-13,Customer 059,Electronics,Keyboard,South,2,5689.07,1156.35
ORD1691,2025-06-10,Customer 038,Electronics,Laptop,East,5,225492.55,44027.4
ORD1692,2025-04-21,Customer 120,Electronics,Keyboard,South,2,4632.78,925.54
ORD1693,2025-10-06,Customer 135,Electronics,Laptop,West,4,197549.44,31837.96
ORD1694,2025-04-10,Customer 161,Furniture,Sofa,North,7,220170.23,38148.1
ORD1695,2025-04-11,Customer 109,Furniture,Bookshelf,North,4,25399.52,4153.09
ORD1696,2025-09-09,Customer 047,Electronics,Smartphone,West,5,161478.74,29046.1
ORD1697,2025-07-04,Customer 153,Furniture,Table,South,1,10354.65,2076.06
ORD1698,2025-01-21,Customer 004,Electronics,Headphones,North,4,15163.01,2674.11
ORD1699,2025-04-10,Customer 166,Furniture,Table,North,2,27571.31,4258.57
ORD1700,2025-09-26,Customer 060,Furniture,Chair,East,1,6912.85,1452.32
ORD1701,2025-10-22,Customer 025,Electronics,Monitor,North,1,22650.29,3958.59
ORD1702,2025-05-02,Customer 157,Electronics,Smartphone,West,4,99301.98,15290.91
ORD1703,2025-12-11,Customer 029,Furniture,Desk,East,3,49793.11,10830.28
ORD1704,2025-08-08,Customer 014,Furniture,Bookshelf,East,1,7400.36,1159.88
ORD1705,2025-08-29,Customer 135,Furniture,Table,East,1,12374.88,2710.86
ORD1706,2025-12-26,Customer 026,Furniture,Bookshelf,West,4,29495.3,4507.26
ORD1707,2025-08-17,Customer 188,Furniture,Bookshelf,West,3,17877.49,3316.39
ORD1708,2025-06-29,Customer 199,Furniture,Sofa,East,6,189447.94,29182.27
ORD1709,2025-07-30,Customer 058,Electronics,Keyboard,North,6,16638.34,2662.65
ORD1710,2025-01-10,Customer 044,Electronics,Smartphone,South,5,144784.19,28811.27
ORD1711,2025-07-26,Customer 031,Furniture,Bookshelf,South,3,21346.56,3342.59
ORD1712,2025-10-05,Customer 149,Electronics,Keyboard,South,4,11268.22,2413.29
ORD1713,2025-03-27,Customer 013,Furniture,Table,East,7,81900.94,12305.87
ORD1714,2025-02-04,Customer 195,Electronics,Smartphone,West,7,190624.39,37951.21
ORD1715,2025-04-03,Customer 071,Electronics,Keyboard,South,5,11174.14,2261.12
ORD1716,2025-04-13,Customer 108,Electronics,Laptop,West,6,270516.35,45770.61
ORD1717,2025-10-15,Customer 162,Electronics,Laptop,West,6,301719.7,48193.79
ORD1718,2025-03-13,Customer 034,Furniture,Chair,North,4,27155.13,4992.36
ORD1719,2025-07-07,Customer 033,Furniture,Sofa,East,1,35192.19,5525.01
ORD1720,2025-12-15,Customer 144,Electronics,Smartphone,North,4,106642.37,18647.94
ORD1721,2025-10-15,Customer 060,Furniture,Chair,East,7,46359.48,9936.75
ORD1722,2025-07-23,Customer 123,Electronics,Smartphone,West,7,190255.39,39218.01
ORD1723,2025-05-31,Customer 055,Electronics,Monitor,West,4,100443.88,18954.86
ORD1724,2025-01-14,Customer 162,Furniture,Desk,North,5,79112.03,12428.54
ORD1725,2025-02-27,Customer 140,Furniture,Sofa,North,4,120804.96,18791.48
ORD1726,2025-06-24,Customer 100,Electronics,Laptop,East,1,45201.41,7501.88
ORD1727,2025-12-09,Customer 192,Electronics,Keyboard,North,6,17031.94,2721.92
ORD1728,2025-08-23,Customer 112,Furniture,Table,West,2,25511.47,5084.14
ORD1729,2025-12-15,Customer 022,Electronics,Smartphone,South,4,115140.86,19881.13
ORD1730,2025-01-13,Customer 033,Furniture,Chair,East,4,24249.95,3797.45
ORD1731,2025-01-14,Customer 019,Electronics,Headphones,East,5,18174.5,3261.85
ORD1732,2025-05-09,Customer 110,Furniture,Desk,North,4,61835.99,11781.73
ORD1733,2025-12-16,Customer 100,Furniture,Sofa,West,4,159584.47,32386.17
ORD1734,2025-01-10,Customer 090,Furniture,Desk,North,1,16424.92,2830.71
ORD1735,2025-12-03,Customer 013,Electronics,Headphones,East,7,26107.37,4002.66
ORD1736,2025-08-07,Customer 162,Electronics,Laptop,West,4,165579.18,35655.35
ORD1737,2025-06-27,Customer 013,Furniture,Table,East,4,49679.6,8467.02
ORD1738,2025-02-07,Customer 066,Furniture,Bookshelf,East,7,42907.7,7370.93
ORD1739,2025-07-20,Customer 121,Electronics,Keyboard,East,4,10623.04,2189.35
ORD1740,2025-05-29,Customer 116,Electronics,Headphones,East,7,27063.47,5019.01
ORD1741,2025-01-30,Customer 049,Electronics,Laptop,North,7,310053.34,47076.67
ORD1742,2025-05-09,Customer 162,Electronics,Monitor,North,2,44325.61,9389.0
ORD1743,2025-05-17,Customer 032,Electronics,Keyboard,East,4,9520.42,1975.72
ORD1744,2025-07-03,Customer 028,Electronics,Smartphone,South,5,149848.19,30821.79
ORD1745,2025-07-11,Customer 024,Electronics,Headphones,West,6,20324.07,3095.37
ORD1746,2025-05-01,Customer 113,Electronics,Laptop,South,1,47435.75,8298.52
ORD1747,2025-11-11,Customer 064,Electronics,Keyboard,East,4,10533.83,2071.87
ORD1748,2025-08-02,Customer 138,Electronics,Monitor,North,2,45272.91,7788.25
ORD1749,2025-05-16,Customer 089,Furniture,Table,East,5,62653.39,9990.31
ORD1750,2025-01-14,Customer 073,Electronics,Headphones,South,4,15491.69,2500.71
ORD1751,2025-07-12,Customer 091,Furniture,Bookshelf,North,3,17913.81,3834.95
ORD1752,2025-04-15,Customer 134,Electronics,Keyboard,South,1,2774.71,595.36
ORD1753,2025-12-09,Customer 189,Furniture,Table,South,2,25333.78,4773.61
ORD1754,2025-04-09,Customer 049,Furniture,Desk,West,1,12926.55,2571.15
ORD1755,2025-11-07,Customer 015,Furniture,Chair,South,1,6968.87,1497.51
ORD1756,2025-09-10,Customer 106,Electronics,Smartphone,West,1,29765.09,4608.17
ORD1757,2025-10-25,Customer 163,Furniture,Desk,North,4,65085.23,13762.88
ORD1758,2025-04-02,Customer 158,Furniture,Table,South,3,36064.54,5664.18
ORD1759,2025-06-22,Customer 060,Electronics,Keyboard,South,1,2508.38,385.81
ORD1760,2025-08-15,Customer 013,Furniture,Sofa,West,4,152045.04,23416.64
ORD1761,2025-02-10,Customer 081,Furniture,Sofa,North,7,233406.78,45778.14
ORD1762,2025-07-12,Customer 139,Electronics,Smartphone,West,3,74890.13,15838.74
ORD1763,2025-11-25,Customer 197,Furniture,Desk,North,6,88631.98,16754.27
ORD1764,2025-01-28,Customer 089,Furniture,Sofa,North,6,213902.28,37008.3
ORD1765,2025-10-05,Customer 038,Furniture,Desk,East,1,14918.64,2513.53
ORD1766,2025-05-13,Customer 005,Electronics,Laptop,South,7,370302.15,64272.22
ORD1767,2025-01-14,Customer 139,Furniture,Chair,West,6,36988.78,7675.72
ORD1768,2025-01-01,Customer 127,Furniture,Table,West,5,51631.63,11325.95
ORD1769,2025-01-29,Customer 159,Furniture,Sofa,North,7,274569.29,41578.3
ORD1770,2025-10-16,Customer 147,Furniture,Desk,West,4,49416.85,8409.46
ORD1771,2025-06-26,Customer 063,Electronics,Laptop,West,6,295235.6,50511.25
ORD1772,2025-06-10,Customer 094,Electronics,Keyboard,North,6,14762.06,2785.06
ORD1773,2025-06-06,Customer 182,Electronics,Monitor,East,4,86213.66,17921.24
ORD1774,2025-07-25,Customer 017,Electronics,Keyboard,West,3,7369.83,1469.3
ORD1775,2025-03-21,Customer 136,Electronics,Keyboard,North,4,10599.94,2146.29
ORD1776,2025-03-18,Customer 199,Furniture,Bookshelf,East,6,41979.52,8025.59
ORD1777,2025-07-28,Customer 164,Electronics,Keyboard,East,6,15495.11,2464.34
ORD1778,2025-10-04,Customer 181,Furniture,Bookshelf,North,6,40639.74,8525.98
ORD1779,2025-12-20,Customer 144,Electronics,Keyboard,East,4,8501.93,1659.08
ORD1780,2025-07-01,Customer 093,Furniture,Table,North,6,78694.63,15557.62
ORD1781,2025-03-31,Customer 195,Furniture,Table,North,7,89223.13,19553.76
ORD1782,2025-10-03,Customer 015,Electronics,Keyboard,South,7,18074.5,2929.01
ORD1783,2025-11-04,Customer 022,Electronics,Headphones,South,6,21131.4,4454.01
ORD1784,2025-07-04,Customer 187,Electronics,Monitor,East,6,129320.08,20380.98
ORD1785,2025-12-24,Customer 004,Electronics,Monitor,East,6,131381.62,20155.33
ORD1786,2025-03-01,Customer 122,Furniture,Desk,East,1,15392.3,3165.78
ORD1787,2025-05-05,Customer 178,Furniture,Bookshelf,South,5,31371.67,5372.42
ORD1788,2025-11-20,Customer 131,Furniture,Table,North,4,44043.57,7624.02
ORD1789,2025-03-31,Customer 171,Furniture,Desk,North,4,66659.07,10532.88
ORD1790,2025-07-21,Customer 057,Electronics,Headphones,North,5,16681.2,3108.47
ORD1791,2025-07-06,Customer 125,Electronics,Laptop,North,6,284852.87,61188.95
ORD1792,2025-09-17,Customer 178,Furniture,Table,East,4,48056.63,10251.22
ORD1793,2025-01-06,Customer 097,Furniture,Sofa,South,7,267946.01,56336.01
ORD1794,2025-04-22,Customer 047,Electronics,Headphones,North,2,7550.09,1206.74
ORD1795,2025-02-21,Customer 165,Electronics,Headphones,North,4,13253.74,2347.12
ORD1796,2025-09-30,Customer 126,Furniture,Sofa,West,6,183143.86,37288.41
ORD1797,2025-11-25,Customer 161,Furniture,Chair,West,3,20801.5,4452.76
ORD1798,2025-06-26,Customer 090,Electronics,Monitor,West,1,23843.76,4064.92
ORD1799,2025-04-06,Customer 009,Electronics,Laptop,North,3,155581.1,24282.48
ORD1800,2025-11-14,Customer 048,Electronics,Keyboard,North,4,11148.54,2414.66
ORD1801,2025-12-27,Customer 045,Furniture,Chair,North,3,17335.65,3208.56
ORD1802,2025-01-02,Customer 123,Electronics,Keyboard,East,6,13394.39,2240.26
ORD1803,2025-07-08,Customer 124,Furniture,Sofa,East,2,73277.0,12671.49
ORD1804,2025-08-08,Customer 071,Electronics,Headphones,East,7,25929.82,4552.89
ORD1805,2025-03-31,Customer 056,Electronics,Headphones,South,3,11962.49,2315.06
ORD1806,2025-11-01,Customer 156,Furniture,Desk,West,2,30465.46,5765.46
ORD1807,2025-03-16,Customer 022,Furniture,Sofa,West,5,182493.31,29798.2
ORD1808,2025-08-07,Customer 061,Electronics,Keyboard,East,4,9747.05,1863.94
ORD1809,2025-07-04,Customer 107,Furniture,Table,South,6,65879.54,13592.15
ORD1810,2025-01-12,Customer 088,Furniture,Sofa,East,5,191581.25,31103.64
ORD1811,2025-04-10,Customer 050,Furniture,Chair,North,6,37245.51,6601.89
ORD1812,2025-04-19,Customer 109,Electronics,Headphones,East,6,19174.21,3291.2
ORD1813,2025-11-21,Customer 084,Furniture,Bookshelf,South,3,18372.5,2959.76
ORD1814,2025-01-21,Customer 096,Electronics,Headphones,West,4,12793.23,2732.43
ORD1815,2025-05-04,Customer 043,Furniture,Sofa,North,5,161374.86,28948.51
ORD1816,2025-05-19,Customer 170,Electronics,Smartphone,South,7,204037.92,35746.48
ORD1817,2025-10-14,Customer 176,Furniture,Bookshelf,North,3,20028.86,4112.87
ORD1818,2025-07-28,Customer 013,Electronics,Monitor,South,7,143751.1,22099.35
ORD1819,2025-02-03,Customer 037,Electronics,Laptop,West,2,92882.81,17099.09
ORD1820,2025-05-08,Customer 071,Electronics,Laptop,North,5,269725.37,52073.04
ORD1821,2025-10-15,Customer 109,Furniture,Chair,East,1,6695.53,1047.57
ORD1822,2025-06-04,Customer 097,Furniture,Bookshelf,East,7,46051.35,7060.45
ORD1823,2025-06-03,Customer 115,Electronics,Laptop,West,4,211850.68,35396.94
ORD1824,2025-01-23,Customer 049,Furniture,Chair,South,4,23294.18,4034.3
ORD1825,2025-03-09,Customer 152,Electronics,Headphones,West,4,14983.62,3157.53
ORD1826,2025-10-03,Customer 077,Electronics,Keyboard,South,5,13820.67,2878.37
ORD1827,2025-03-02,Customer 128,Furniture,Desk,South,6,98345.23,18023.19
ORD1828,2025-11-07,Customer 156,Furniture,Table,West,5,58764.47,12186.63
ORD1829,2025-02-06,Customer 152,Electronics,Headphones,South,7,22654.57,4523.51
ORD1830,2025-11-28,Customer 181,Electronics,Keyboard,East,2,5110.29,973.72
ORD1831,2025-12-17,Customer 160,Furniture,Bookshelf,West,7,45398.76,9112.96
ORD1832,2025-03-19,Customer 161,Furniture,Desk,South,5,65734.89,13801.35
ORD1833,2025-11-11,Customer 176,Electronics,Laptop,West,1,50592.53,8474.85
ORD1834,2025-03-15,Customer 152,Electronics,Monitor,North,5,96300.33,17893.29
ORD1835,2025-06-25,Customer 053,Electronics,Smartphone,North,6,169184.11,29449.39
ORD1836,2025-12-05,Customer 096,Furniture,Sofa,North,1,31483.33,6900.28
ORD1837,2025-06-05,Customer 159,Furniture,Desk,West,1,13406.8,2065.84
ORD1838,2025-05-04,Customer 132,Furniture,Table,West,2,25166.76,4886.01
ORD1839,2025-06-21,Customer 159,Electronics,Monitor,North,7,162347.59,33646.07
ORD1840,2025-09-15,Customer 021,Furniture,Desk,West,4,50661.71,10287.44
ORD1841,2025-06-02,Customer 046,Furniture,Chair,North,1,7155.43,1540.63
ORD1842,2025-12-05,Customer 186,Furniture,Table,North,5,68284.07,10853.87
ORD1843,2025-01-04,Customer 005,Furniture,Chair,West,5,29785.2,5144.92
ORD1844,2025-07-25,Customer 099,Electronics,Smartphone,West,1,29808.92,5825.37
ORD1845,2025-04-10,Customer 042,Furniture,Chair,East,3,18174.92,2746.06
ORD1846,2025-03-07,Customer 091,Electronics,Monitor,South,4,75331.81,12130.03
ORD1847,2025-12-08,Customer 114,Furniture,Bookshelf,West,5,39574.68,8147.31
ORD1848,2025-07-25,Customer 063,Electronics,Smartphone,North,7,173261.46,31215.12
ORD1849,2025-10-20,Customer 169,Electronics,Keyboard,South,3,7004.61,1386.97
ORD1850,2025-08-18,Customer 110,Furniture,Bookshelf,South,3,21241.57,3232.45
ORD1851,2025-10-21,Customer 188,Electronics,Monitor,South,4,81947.56,14172.74
ORD1852,2025-06-23,Customer 114,Furniture,Chair,North,5,33678.99,6027.26
ORD1853,2025-12-26,Customer 008,Furniture,Sofa,West,3,103105.38,20413.98
ORD1854,2025-04-14,Customer 103,Furniture,Bookshelf,South,4,29533.5,5758.76
ORD1855,2025-05-17,Customer 147,Electronics,Laptop,South,5,270211.01,50146.86
ORD1856,2025-03-28,Customer 102,Furniture,Bookshelf,North,4,26179.77,4704.01
ORD1857,2025-04-07,Customer 044,Electronics,Keyboard,North,3,7254.66,1394.86
ORD1858,2025-06-09,Customer 004,Electronics,Headphones,North,2,7433.11,1157.34
ORD1859,2025-03-22,Customer 190,Electronics,Headphones,South,1,3684.71,641.36
ORD1860,2025-07-25,Customer 134,Electronics,Monitor,North,2,40797.52,7890.56
ORD1861,2025-10-26,Customer 024,Electronics,Smartphone,South,3,77899.63,12293.07
ORD1862,2025-05-31,Customer 029,Electronics,Keyboard,East,5,10632.24,2304.06
ORD1863,2025-06-20,Customer 143,Electronics,Headphones,West,3,11185.05,2393.85
ORD1864,2025-12-22,Customer 018,Furniture,Desk,West,2,24992.08,5475.33
ORD1865,2025-11-04,Customer 133,Electronics,Headphones,North,7,22697.58,3630.98
ORD1866,2025-07-10,Customer 149,Furniture,Table,North,5,67643.15,13082.57
ORD1867,2025-06-06,Customer 029,Electronics,Laptop,South,3,126831.95,20732.2
ORD1868,2025-09-15,Customer 102,Electronics,Headphones,South,6,21191.17,3734.01
ORD1869,2025-09-10,Customer 164,Electronics,Laptop,East,6,317595.44,59800.41
ORD1870,2025-06-23,Customer 111,Furniture,Table,North,1,13315.55,2357.47
ORD1871,2025-05-22,Customer 133,Electronics,Smartphone,West,3,85979.7,16176.18
ORD1872,2025-03-21,Customer 055,Furniture,Desk,West,4,64383.05,11216.82
ORD1873,2025-09-30,Customer 166,Electronics,Laptop,East,2,96711.64,18139.53
ORD1874,2025-11-29,Customer 048,Electronics,Smartphone,South,1,28768.71,5495.62
ORD1875,2025-06-13,Customer 069,Furniture,Bookshelf,North,1,6993.89,1178.11
ORD1876,2025-07-01,Customer 186,Furniture,Chair,East,3,17120.33,2655.58
ORD1877,2025-03-19,Customer 177,Electronics,Headphones,North,2,7227.43,1174.07
ORD1878,2025-02-03,Customer 023,Furniture,Sofa,North,6,233672.0,39881.48
ORD1879,2025-02-10,Customer 014,Electronics,Monitor,East,7,174529.86,34913.68
ORD1880,2025-12-28,Customer 012,Furniture,Table,North,2,27217.8,4284.63
ORD1881,2025-12-28,Customer 055,Electronics,Monitor,West,3,58668.62,11653.69
ORD1882,2025-02-02,Customer 038,Electronics,Monitor,North,3,65959.76,10624.25
ORD1883,2025-12-28,Customer 105,Electronics,Laptop,South,2,107934.72,17285.61
ORD1884,2025-01-28,Customer 131,Electronics,Smartphone,East,5,129773.69,19963.63
ORD1885,2025-08-06,Customer 089,Furniture,Chair,East,4,27184.16,4243.82
ORD1886,2025-03-27,Customer 087,Furniture,Table,East,2,23078.96,3577.9
ORD1887,2025-11-18,Customer 196,Electronics,Smartphone,South,4,130773.12,28735.9
ORD1888,2025-01-30,Customer 049,Furniture,Desk,East,6,82395.27,13730.35
ORD1889,2025-02-18,Customer 037,Furniture,Chair,South,1,6408.72,1113.68
ORD1890,2025-05-11,Customer 061,Furniture,Bookshelf,South,2,15477.84,2582.76
ORD1891,2025-05-30,Customer 033,Furniture,Table,East,2,23966.16,3850.71
ORD1892,2025-04-07,Customer 111,Furniture,Chair,East,3,17583.35,3781.89
ORD1893,2025-10-24,Customer 091,Furniture,Desk,West,4,58839.79,9858.17
ORD1894,2025-09-21,Customer 084,Electronics,Laptop,North,3,130602.55,21358.35
ORD1895,2025-06-08,Customer 131,Furniture,Desk,South,7,110527.41,23905.14
ORD1896,2025-06-25,Customer 037,Furniture,Chair,North,5,36450.57,6771.11
ORD1897,2025-01-23,Customer 079,Furniture,Bookshelf,South,5,35484.46,5630.72
ORD1898,2025-11-06,Customer 180,Electronics,Monitor,North,6,127202.17,26395.58
ORD1899,2025-10-02,Customer 097,Furniture,Table,South,6,64122.09,13768.65
ORD1900,2025-03-30,Customer 017,Furniture,Sofa,South,5,162666.56,28575.75
ORD1901,2025-06-29,Customer 090,Furniture,Desk,South,7,106647.19,20081.84
ORD1902,2025-11-07,Customer 024,Electronics,Headphones,North,3,9848.07,2134.46
ORD1903,2025-10-02,Customer 033,Furniture,Desk,North,6,99184.0,19763.01
ORD1904,2025-02-13,Customer 148,Furniture,Table,South,2,26081.82,4425.88
ORD1905,2025-05-28,Customer 130,Electronics,Headphones,South,7,22155.42,3932.59
ORD1906,2025-03-05,Customer 088,Furniture,Desk,South,7,87160.23,15554.78
ORD1907,2025-03-03,Customer 074,Furniture,Desk,North,5,65023.25,11804.88
ORD1908,2025-09-24,Customer 177,Furniture,Sofa,West,3,99004.04,18593.94
ORD1909,2025-09-03,Customer 036,Furniture,Sofa,North,4,144914.96,22480.25
ORD1910,2025-10-07,Customer 031,Electronics,Smartphone,East,6,188232.75,30691.7
ORD1911,2025-05-02,Customer 138,Furniture,Sofa,South,3,107868.94,20875.42
ORD1912,2025-04-18,Customer 095,Electronics,Keyboard,North,4,10476.28,1981.91
ORD1913,2025-01-19,Customer 146,Electronics,Monitor,South,7,135311.33,27040.63
ORD1914,2025-07-09,Customer 179,Electronics,Keyboard,West,4,9464.87,1968.14
ORD1915,2025-11-13,Customer 118,Furniture,Chair,North,4,28089.29,4740.1
ORD1916,2025-04-27,Customer 110,Electronics,Headphones,West,7,24379.09,5279.86
ORD1917,2025-08-12,Customer 031,Furniture,Table,East,7,81108.23,17823.97
ORD1918,2025-06-24,Customer 128,Furniture,Table,South,6,78446.14,16756.35
ORD1919,2025-02-22,Customer 102,Furniture,Bookshelf,North,5,34238.01,6358.78
ORD1920,2025-07-03,Customer 035,Electronics,Laptop,West,1,52572.58,10496.07
ORD1921,2025-01-20,Customer 077,Furniture,Chair,South,3,19669.49,2996.53
ORD1922,2025-04-04,Customer 158,Furniture,Desk,North,3,37382.69,7414.06
ORD1923,2025-05-01,Customer 088,Electronics,Laptop,North,3,131811.93,24734.26
ORD1924,2025-08-01,Customer 008,Furniture,Desk,East,6,74115.07,15826.44
ORD1925,2025-08-21,Customer 057,Furniture,Chair,South,4,23717.51,4427.22
ORD1926,2025-05-25,Customer 143,Electronics,Headphones,East,3,10937.08,1831.1
ORD1927,2025-11-19,Customer 193,Electronics,Keyboard,East,3,7582.09,1381.22
ORD1928,2025-12-30,Customer 026,Furniture,Bookshelf,South,3,19708.88,4044.93
ORD1929,2025-09-05,Customer 180,Electronics,Monitor,East,5,126033.16,24674.66
ORD1930,2025-02-16,Customer 098,Furniture,Bookshelf,West,6,44512.74,8185.99
ORD1931,2025-03-02,Customer 014,Electronics,Keyboard,West,6,13218.61,2106.7
ORD1932,2025-01-30,Customer 122,Furniture,Desk,West,2,30946.0,5838.43
ORD1933,2025-02-05,Customer 177,Electronics,Keyboard,South,2,5028.71,795.66
ORD1934,2025-02-07,Customer 170,Electronics,Smartphone,East,7,181847.28,37539.86
ORD1935,2025-03-26,Customer 039,Electronics,Laptop,South,5,255040.42,51664.99
ORD1936,2025-06-13,Customer 048,Electronics,Laptop,North,4,173041.66,34426.46
ORD1937,2025-02-01,Customer 038,Electronics,Laptop,East,4,167968.64,31868.44
ORD1938,2025-01-26,Customer 094,Furniture,Chair,East,3,22283.98,4410.38
ORD1939,2025-10-28,Customer 044,Electronics,Monitor,South,1,20907.46,3359.76
ORD1940,2025-08-09,Customer 082,Electronics,Headphones,North,5,15801.4,2985.93
ORD1941,2025-05-26,Customer 155,Furniture,Bookshelf,South,7,42131.53,8479.49
ORD1942,2025-03-04,Customer 093,Electronics,Laptop,South,4,183405.48,38656.53
ORD1943,2025-02-19,Customer 096,Furniture,Chair,North,5,35259.38,7332.84
ORD1944,2025-09-20,Customer 063,Furniture,Table,East,4,44592.13,9356.07
ORD1945,2025-04-13,Customer 030,Electronics,Keyboard,East,2,5450.3,947.36
ORD1946,2025-07-13,Customer 169,Electronics,Smartphone,East,4,125839.41,19498.26
ORD1947,2025-07-31,Customer 192,Furniture,Table,South,4,54569.1,9251.14
ORD1948,2025-04-14,Customer 142,Electronics,Headphones,South,4,15331.18,3035.74
ORD1949,2025-01-10,Customer 152,Electronics,Monitor,South,3,72246.95,14847.87
ORD1950,2025-06-24,Customer 019,Electronics,Keyboard,East,4,10920.77,2297.44
ORD1951,2025-11-24,Customer 058,Electronics,Headphones,South,1,3399.99,713.9
ORD1952,2025-01-03,Customer 157,Furniture,Bookshelf,East,7,46873.86,9050.69
ORD1953,2025-12-31,Customer 044,Electronics,Laptop,South,7,298213.33,63723.88
ORD1954,2025-08-09,Customer 040,Electronics,Keyboard,East,7,15317.81,2367.66
ORD1955,2025-03-17,Customer 089,Furniture,Bookshelf,East,5,38250.58,6816.54
ORD1956,2025-07-14,Customer 051,Furniture,Table,South,7,88739.16,16241.48
ORD1957,2025-03-16,Customer 026,Electronics,Smartphone,North,7,190540.33,28743.98
ORD1958,2025-05-06,Customer 006,Furniture,Table,South,2,27167.87,5268.43
ORD1959,2025-04-13,Customer 001,Electronics,Headphones,North,6,19479.12,4039.61
ORD1960,2025-12-08,Customer 152,Furniture,Chair,North,4,28245.31,5924.58
ORD1961,2025-09-06,Customer 012,Furniture,Table,West,6,73097.96,14129.68
ORD1962,2025-07-21,Customer 076,Furniture,Sofa,West,7,212571.88,42918.53
ORD1963,2025-04-28,Customer 014,Furniture,Sofa,West,7,215729.98,46550.31
ORD1964,2025-11-03,Customer 191,Furniture,Desk,East,1,12630.85,1910.75
ORD1965,2025-01-07,Customer 025,Furniture,Bookshelf,South,4,30617.41,4865.71
ORD1966,2025-03-27,Customer 199,Furniture,Table,West,1,12828.77,2777.1
ORD1967,2025-07-23,Customer 037,Furniture,Desk,West,7,102096.4,21262.84
ORD1968,2025-08-28,Customer 048,Electronics,Laptop,South,5,205576.62,43679.62
ORD1969,2025-08-17,Customer 149,Electronics,Headphones,South,7,23132.07,4257.02
ORD1970,2025-07-17,Customer 199,Furniture,Sofa,South,6,220046.44,48083.8
ORD1971,2025-06-10,Customer 030,Furniture,Table,South,1,11911.2,2277.59
ORD1972,2025-04-14,Customer 017,Furniture,Desk,East,1,12841.9,2386.58
ORD1973,2025-09-24,Customer 040,Electronics,Keyboard,South,5,11261.36,2259.61
ORD1974,2025-01-10,Customer 060,Electronics,Headphones,East,2,7046.19,1214.81
ORD1975,2025-07-03,Customer 061,Furniture,Sofa,South,4,154364.82,33044.79
ORD1976,2025-09-20,Customer 025,Electronics,Smartphone,West,6,175206.53,28746.33
ORD1977,2025-07-19,Customer 088,Furniture,Sofa,South,4,146442.6,25649.97
ORD1978,2025-10-04,Customer 137,Electronics,Smartphone,West,4,102269.79,20912.25
ORD1979,2025-10-10,Customer 094,Furniture,Bookshelf,West,6,35944.73,6078.95
ORD1980,2025-12-02,Customer 152,Furniture,Table,East,4,46208.73,9761.67
ORD1981,2025-03-24,Customer 031,Furniture,Desk,South,3,37657.28,7605.8
ORD1982,2025-10-10,Customer 058,Furniture,Sofa,East,7,247551.68,37374.88
ORD1983,2025-07-07,Customer 123,Furniture,Chair,East,4,24478.65,3980.76
ORD1984,2025-08-05,Customer 114,Furniture,Sofa,East,3,101196.88,16502.4
ORD1985,2025-10-21,Customer 181,Electronics,Smartphone,West,2,48960.13,8400.04
ORD1986,2025-05-16,Customer 161,Electronics,Headphones,West,1,3579.63,679.11
ORD1987,2025-06-16,Customer 009,Electronics,Monitor,North,2,41312.31,7069.57
ORD1988,2025-11-17,Customer 181,Electronics,Monitor,North,2,49438.24,7795.15
ORD1989,2025-09-25,Customer 005,Furniture,Chair,East,3,19437.75,3670.44
ORD1990,2025-12-22,Customer 066,Electronics,Headphones,South,4,14644.3,2873.68
ORD1991,2025-04-23,Customer 009,Furniture,Sofa,South,3,93942.8,17932.22
ORD1992,2025-06-03,Customer 043,Electronics,Headphones,West,6,20462.95,3538.08
ORD1993,2025-05-12,Customer 132,Furniture,Chair,West,2,11640.1,1880.89
ORD1994,2025-03-27,Customer 004,Electronics,Keyboard,South,7,19629.49,3327.26
ORD1995,2025-05-15,Customer 108,Electronics,Laptop,West,1,47438.07,9289.32
ORD1996,2025-10-30,Customer 177,Furniture,Sofa,South,5,199682.17,36370.85
ORD1997,2025-08-13,Customer 057,Electronics,Headphones,North,6,19371.38,4077.9
ORD1998,2025-02-10,Customer 200,Furniture,Bookshelf,South,2,13111.22,2456.43
ORD1999,2025-01-03,Customer 055,Electronics,Headphones,East,6,24125.6,3799.9
ORD2000,2025-06-24,Customer 019,Electronics,Monitor,West,7,153718.63,32270.71
